title,movieId,rating
The Shawshank Redemption,318,4.5
The Godfather,858,
Fight Club,2959,4.5
Pulp Fiction,296,4
The Dark Knight,58559,
Forrest Gump,356,5
Inception,79132,4.5
Schindler's List,527,4.5
Interstellar,109487,5
Whiplash,112552,
The Empire Strikes Back,1196,4
千と千尋の神隠し,5618,5
The Lord of the Rings: The Return of the King,7153,5
The Godfather: Part II,1221,
Star Wars,260,4.5
The Green Mile,3147,
Se7en,47,
The Lord of the Rings: The Fellowship of the Ring,4993,5
The Lord of the Rings: The Two Towers,5952,5
The Silence of the Lambs,593,
Inside Out,134853,4
GoodFellas,1213,
Back to the Future,1270,4
Memento,4226,
American History X,2329,
The Imitation Game,116797,5
One Flew Over the Cuckoo's Nest,1193,5
Guardians of the Galaxy,112852,4
The Shining,1258,
The Lion King,364,4.5
The Matrix,2571,
The Grand Budapest Hotel,109374,
The Usual Suspects,50,
The Prestige,48780,
The Wolf of Wall Street,106782,4.5
Inglourious Basterds,68157,
Gone Girl,112556,
Psycho,1219,
Gladiator,3578,
Reservoir Dogs,1089,
Django Unchained,99114,
Room,140174,
Dead Poets Society,1246,5
Saving Private Ryan,2028,
Return of the Jedi,1210,
12 Angry Men,1203,
Alien,1214,
The Departed,48516,
ハウルの動く城,31658,5
もののけ姫,3000,5
Her,106920,4
Scarface,4262,
Shutter Island,74458,
WALL·E,60069,5
"Il buono, il brutto, il cattivo",1201,3.5
Big Hero 6,115617,5
12 Years a Slave,105844,
Eternal Sunshine of the Spotless Mind,7361,
Blade Runner,541,
Taxi Driver,111,
American Beauty,2858,4
The Truman Show,1682,5
Prisoners,104879,
2001: A Space Odyssey,924,
Up,68954,5
Dallas Buyers Club,106100,
Good Will Hunting,1704,4
Cidade de Deus,6016,
Harry Potter and the Prisoner of Azkaban,8368,4
Apocalypse Now,1208,
Toy Story,1,5
The Theory of Everything,117176,
Le fabuleux destin d'Amélie Poulain,4973,5
Kill Bill: Vol. 1,6874,
Requiem for a Dream,3949,
올드보이,27773,
The Dark Knight Rises,91529,
Gran Torino,64614,
V for Vendetta,44191,5
Into the Wild,55247,
The Pianist,5995,
The Big Lebowski,1732,
Terminator 2: Judgment Day,589,4
The Martian,134130,4.5
Raiders of the Lost Ark,1198,
Catch Me If You Can,5989,
Spotlight,142488,
Finding Nemo,6377,4.5
Trainspotting,778,
Captain America: The Winter Soldier,110102,4
Donnie Darko,4878,
Braveheart,110,5
Aliens,1200,
Edge of Tomorrow,111759,4.5
Jurassic Park,480,4.5
The Sixth Sense,2762,
Ex Machina,115713,4.5
The Notebook,8533,4.5
Toy Story 3,78499,4.5
The Hobbit: The Desolation of Smaug,106489,4.5
A Beautiful Mind,4995,5
No Country for Old Men,55820,
The Perks of Being a Wallflower,96821,
Snatch,4011,
The Hateful Eight,128360,
Titanic,1721,4.5
Dr. Strangelove or: How I Learned to Stop Worrying and Love the Bomb,750,
Batman Begins,33794,
Kill Bill: Vol. 2,7438,
Harry Potter and the Philosopher's Stone,4896,4.5
Pirates of the Caribbean: The Curse of the Black Pearl,6539,5
Once Upon a Time in America,1227,
About Time,104374,
The Fault in Our Stars,111921,
X-Men: Days of Future Past,111362,4.5
The Pursuit of Happyness,47099,4.5
"Monsters, Inc.",4886,4.5
The Help,88810,
Million Dollar Baby,30707,5
Harry Potter and the Goblet of Fire,40815,
Nightcrawler,115569,
There Will Be Blood,56782,
C'era una volta il West,1209,
Indiana Jones and the Last Crusade,1291,
Rush,104913,
The Avengers,89745,4
How to Train Your Dragon 2,112175,4.5
Deadpool,122904,5
El laberinto del fauno,48394,
Casablanca,912,
Monty Python and the Holy Grail,1136,
Ratatouille,50872,5
Slumdog Millionaire,63082,
Iron Man,59315,4.5
How to Train Your Dragon,76093,5
The King's Speech,81845,
Die Hard,1036,
The Thing,2288,
Me Before You,152017,
七人の侍,2019,
Edward Scissorhands,2291,5
The Hunger Games: Catching Fire,106487,
Stand by Me,1259,
Captain Phillips,105504,
It's a Wonderful Life,953,
Harry Potter and the Chamber of Secrets,5816,4
Harry Potter and the Order of the Phoenix,54001,
Cast Away,4022,4
Harry Potter and the Half-Blood Prince,69844,
The Incredibles,8961,4.5
Hachi: A Dog's Tale,73290,5
The Lego Movie,108932,
Birdman,112183,
Star Trek,68358,
American Sniper,114662,
Star Trek Into Darkness,102445,
Mulan,1907,5
Casino,16,
Big Fish,7147,5
Fury,115210,5
Jaws,1387,
Back to the Future Part II,2011,
Drive,88129,
Shaun of the Dead,8874,
The Boy in the Striped Pyjamas,64034,
Moon,68237,
Avengers: Age of Ultron,122892,
Aladdin,588,
The Revenant,139385,
Tangled,81847,5
Rain Man,1961,4.5
Gravity,104841,4.5
Pride & Prejudice,40629,4.5
Straight Outta Compton,140715,
Moonrise Kingdom,94959,
Now You See Me,102903,4
The Conjuring,103688,
Frozen,106696,4.5
Das Leben der Anderen,44555,
L.A. Confidential,1617,
Seven Pounds,64716,
Amadeus,1225,
Warrior,89774,
The Exorcist,1997,
Jagten,96829,
Boyhood,112290,
Black Swan,81591,4.5
Dawn of the Planet of the Apes,112623,4
Avatar,72998,5
The Princess Bride,1197,
Mulholland Drive,4848,
Furious 7,130634,4
The Terminator,1240,
Shrek,4306,
Annie Hall,1230,
The Iron Giant,2761,
Mad Max: Fury Road,122882,
Gattaca,1653,
Mystic River,6870,
The Fifth Element,1527,
Casino Royale,49272,
Rocky,1954,
Toy Story 2,3114,
The Great Gatsby,102407,4.5
The Untouchables,2194,4.5
The Bourne Identity,5418,
Groundhog Day,1265,
Little Miss Sunshine,46578,
Unforgiven,1266,
District 9,70286,
"Lock, Stock and Two Smoking Barrels",2542,
Hot Fuzz,51255,
The Curious Case of Benjamin Button,64957,5
E.T. the Extra-Terrestrial,1097,
The Deer Hunter,1263,
The Hangover,69122,
Children of Men,48774,
Life of Pi,97938,4.5
Der Untergang,31410,
The Age of Adaline,132480,
Midnight in Paris,86882,
The Bourne Ultimatum,54286,
The Game,1625,
Brokeback Mountain,39183,5
Gone with the Wind,920,
The Big Short,148626,4.5
Before Sunrise,215,
Taken,59369,
Raging Bull,1228,
Ocean's Eleven,4963,4
The Others,4720,
Blood Diamond,49530,
The Wizard of Oz,919,
Pitch Perfect,96588,
Dances with Wolves,590,
Zombieland,71535,
Predator,3527,
Lone Survivor,107069,
Captain America: Civil War,122920,4.5
Southpaw,139642,
American Psycho,3535,
Platoon,1090,
The Butterfly Effect,7254,
Philadelphia,508,
American Gangster,55765,
Zodiac,51540,
The Book Thief,106441,
Fantastic Mr. Fox,72226,
Despicable Me,79091,5
(500) Days of Summer,69757,
Anastasia,1688,
Creed,146656,
Lost in Translation,6711,
The Last Samurai,7143,
The Bourne Supremacy,8665,
In Bruges,57669,
Sin City,32587,
X-Men: First Class,87232,
Bridge of Spies,143385,
Lucky Number Slevin,44665,
The Hobbit: The Battle of the Five Armies,118696,4.5
The Blues Brothers,1220,
I Origins,112804,
Blow,4239,
Kick-Ass,76251,
Per un pugno di dollari,2951,
Wreck-It Ralph,97913,
Moulin Rouge!,4308,
10 Things I Hate About You,2572,
The Royal Tenenbaums,4979,
The Girl with the Dragon Tattoo,91658,
Sicario,139644,
Serenity,34405,
A Walk to Remember,5066,
Training Day,4776,
Inside Man,44199,
Star Wars: Episode III - Revenge of the Sith,33493,4.5
Apollo 13,150,
Ice Age,5218,4.5
Man on Fire,7445,
Saw,8957,
Mary Poppins,1028,
Jackie Brown,1729,
Scott Pilgrim vs. the World,79702,
Argo,97304,
Donnie Brasco,1466,
The Social Network,80463,
崖の上のポニョ,65261,5
What's Eating Gilbert Grape,337,
Mission: Impossible - Rogue Nation,111781,4
The Hobbit: An Unexpected Journey,98809,4
Unbroken,118702,
Coraline,66097,
Corpse Bride,37729,4.5
The Equalizer,112171,
The Hurt Locker,69481,
Back to the Future Part III,2012,
Office Space,2502,
Atonement,55052,
Black Hawk Down,5010,
Rosemary's Baby,2160,
Indiana Jones and the Temple of Doom,2115,
Halloween,1982,
Source Code,85414,
Ant-Man,122900,3.5
Sherlock Holmes,73017,
Minority Report,5445,
Begin Again,111622,
The Machinist,8950,
The Maze Runner,114180,4
True Grit,82459,
Pirates of the Caribbean: Dead Man's Chest,45722,
Saving Mr. Banks,107141,
Apocalypto,48304,
300,51662,
Fast Five,86644,
Home Alone,586,4.5
The Blind Side,72641,
Grease,1380,
Despicable Me 2,103335,4
The Sound of Music,1035,5
Maleficent,111659,
The Man from U.N.C.L.E.,138036,
Rise of the Planet of the Apes,88744,4
Interview with the Vampire,253,4.5
Changeling,63062,
The Emperor's New Groove,4016,
First Blood,2403,
Law Abiding Citizen,71838,
The Fighter,81932,
"O Brother, Where Art Thou?",4027,
Match Point,41285,
Being John Malkovich,2997,
Sherlock Holmes: A Game of Shadows,91542,
The Judge,115170,
Road to Perdition,5464,
Monsters University,103141,4
Serbuan maut,93838,
The Devil's Advocate,1645,
The Artist,89904,
Rise of the Guardians,98243,3.5
Gangs of New York,5956,
22 Jump Street,112138,4
Les Misérables,99149,
The Intern,140110,
Contact,1584,
Fear and Loathing in Las Vegas,1884,
The Secret Life of Walter Mitty,106918,
The Wrestler,64839,
The Devil Wears Prada,45720,4.5
28 Days Later,6502,
The Hunger Games,91500,3.5
Mad Max 2,3703,
Total Recall,2916,
The Crow,353,
Finding Neverland,8970,
The Fugitive,457,
Watchmen,60684,
When Harry Met Sally...,1307,
Brooklyn,127108,
Skyfall,96079,4
A Nightmare on Elm Street,1347,
End of Watch,96811,
The Illusionist,47610,
127 Hours,81562,4.5
Crash,33166,
The Evil Dead,4105,
The Godfather: Part III,2023,
"Crazy, Stupid, Love.",88163,
The Butler,104337,
Close Encounters of the Third Kind,3471,
Juno,56367,
Beetlejuice,2174,
I Am Legend,56174,4.5
Silver Linings Playbook,97921,
Divergent,108190,
Hugo,90866,
Pirates of the Caribbean: At World's End,53125,5
Superbad,54503,
Batman,592,
Batman,26152,
Men in Black,1580,5
Lo imposible,99145,
Enemy at the Gates,4223,
Goldfinger,2947,
Lilo & Stitch,5444,
The Conjuring 2,159858,
The Terminal,8529,5
The Hunt for Red October,1610,
Love Actually,6942,
Treasure Planet,5882,
Eyes Wide Shut,2712,
卧虎藏龙,3996,5
21 Grams,6953,
As Good as It Gets,1784,
Pretty Woman,597,
Stardust,54259,
Kung Fu Panda,59784,5
Perfume: The Story of a Murderer,48997,
Kiss Kiss Bang Bang,38061,
Mrs. Doubtfire,500,
Troy,7458,
Airplane!,2791,
Identity,6323,
Dracula,1339,
The Aviator,30812,
Iron Man 3,102125,4
Scream,1407,
The Town,80489,
Collateral,8798,
Mean Girls,7451,
Moneyball,89492,
The Simpsons Movie,54272,
Lord of War,36529,
The Vow,92509,
[REC],57274,
Die Hard: With a Vengeance,165,
Spider-Man,5349,
Notting Hill,2671,
50/50,89864,
Thor: The Dark World,106072,4
Unbreakable,3994,
"South Park: Bigger, Longer & Uncut",2700,
Snow White and the Seven Dwarfs,594,
A Few Good Men,2268,
Sunshine,52328,
X-Men,3793,
Mission: Impossible - Ghost Protocol,91630,4
Invictus,72733,
Bridge to Terabithia,50601,
The Bucket List,56587,
Blue Jasmine,103980,
X2,6333,
Mud,102194,
From Dusk Till Dawn,70,
Gremlins,2003,
Equilibrium,5903,
We're the Millers,104211,
The Neverending Story,2161,
War Horse,91126,
Shooter,51935,
The Rock,733,
One Day,88179,
American Hustle,106916,
Wild,118900,
Hotel Transylvania,97225,
Pinocchio,596,
Marley & Me,65230,
Ghost,587,
10 Cloverfield Lane,152077,
The Lincoln Lawyer,84392,
The Croods,101142,5
Melancholia,86320,
A Bug's Life,2355,
Shame,90531,
Non-Stop,109578,
3:10 to Yuma,54997,
Meet Joe Black,2340,
A.I. Artificial Intelligence,4370,
Pitch Perfect 2,133419,
The Walk,138208,
Cube,2232,
World War Z,103249,
Speed,377,
Babel,46723,
Insidious,85788,
Superman,2640,
Pacific Rim,103228,3.5
The Place Beyond the Pines,101525,
Brave,95167,
8 Mile,5810,
Big,2797,
Spider-Man 2,8636,4
P.S. I Love You,56941,
Face/Off,1573,
Steve Jobs,136562,
Bicentennial Man,3156,
21 Jump Street,93510,
Remember Me,75341,
Home,130520,
Dr. No,2949,
"I, Robot",8644,4
The Last Song,77414,4.5
Charlie and the Chocolate Factory,30793,
The Next Three Days,81788,
The Matrix Reloaded,6365,
In Time,90405,
The Karate Kid,2420,
Blue Valentine,78039,
Bambi,2018,
Independence Day,780,
Now You See Me 2,159093,4
The Passion of the Christ,7318,
The DUFF,126548,
Shrek 2,8360,
The Jungle Book,137857,
Snowpiercer,107406,4.5
Mission: Impossible,648,4
"The Chronicles of Narnia: The Lion, the Witch and the Wardrobe",41566,
Focus,129354,
Big Eyes,118985,
Cinderella,130073,
Insomnia,5388,
The Hunchback of Notre Dame,783,
True Lies,380,
Easy A,80549,
The Patriot,3753,
The Road,63072,
The Adventures of Tintin,90746,
The Spectacular Now,103539,
Dawn of the Dead,7360,
The Descent,40732,
Megamind,81564,
Kung Fu Panda 2,87222,4.5
The Proposal,69406,
Beverly Hills Cop,4085,
Pitch Black,3300,
The World's End,103341,
Chocolat,4014,
Everest,142448,
The Lucky One,94325,
Zero Dark Thirty,98961,
Top Gun,1101,
Kung Fu Panda 3,149406,
Desperado,163,
Sinister,97188,
Starship Troopers,1676,
Captain America: The First Avenger,88140,
Iron Man 2,77561,4
Hotel Transylvania 2,142997,4
Anchorman: The Legend of Ron Burgundy,8641,4
Thor,86332,
Pocahontas,48,
Lincoln,98154,
School of Rock,6863,
The Hunger Games: Mockingjay - Part 1,116823,
The Mist,56145,
Romeo + Juliet,1059,
Looper,96610,
Orphan,70159,
The Princess and the Frog,72737,4.5
Transformers,53996,5
Enemy of the State,2353,
The Hunger Games: Mockingjay - Part 2,135133,
The Holiday,49286,
Atlantis: The Lost Empire,4366,
Cars,45517,5
Seven Psychopaths,97306,
Up in the Air,72011,4.5
Valkyrie,64983,
The Fast and the Furious,4369,4
Madagascar,33615,4.5
Red Dragon,5630,
Cloud Atlas,97752,
Phone Booth,6281,
Step Up,47382,
The Gift,140247,
RED,81229,
Real Steel,90249,5
Vicky Cristina Barcelona,60950,
Star Trek Beyond,135569,
Underworld,6754,
The Mask,367,5
Legend,141688,
Super 8,87306,
King Kong,41569,5
Ender's Game,106002,
The Descendants,91077,
Jerry Maguire,1393,
The Book of Eli,73321,
Spaceballs,3033,
50 First Dates,7293,
Rango,84944,
The Purge: Anarchy,112818,
Dredd,96737,
Chronicle,92420,
The Italian Job,6378,
Die Hard 2,1370,
Pearl Harbor,4310,
The Good Dinosaur,136016,
Meet the Parents,3948,
The Transporter,5574,
Batman Returns,1377,
2 Guns,103883,
Hook,3489,
Enchanted,56152,
The Hitchhiker's Guide to the Galaxy,33004,
Dear John,74688,
9,71057,
The Call,101360,
Love & Other Drugs,82167,
Mad Max,3702,
GoldenEye,10,
Kingdom of Heaven,33162,
Crank,47200,
Pineapple Express,61024,
A Christmas Carol,72294,
The Lovely Bones,72731,
Jurassic World,117529,4.5
Blended,111617,
Disturbia,52458,
The Amazing Spider-Man,95510,
Man of Steel,103042,4
Robin Hood: Prince of Thieves,1027,
A Knight's Tale,4299,
The Amazing Spider-Man 2,110553,4
Tremors,6659,
Mr. & Mrs. Smith,33679,
Ice Age: The Meltdown,44022,
The Da Vinci Code,45447,4.5
Flight,97923,
Horrible Bosses,87869,
Ice Age: Dawn of the Dinosaurs,69644,4.5
The Cabin in the Woods,93840,
Friends with Benefits,88405,
Hellboy,7373,
Rio,86298,
Angels & Demons,68554,
Mission: Impossible III,45186,
Ocean's Thirteen,53322,
Blade,2167,
Dumb and Dumber,231,
Paul,84772,
The Island,34319,
Cloudy with a Chance of Meatballs,71264,4.5
Bad Boys,145,
Tropic Thunder,61132,
Bridesmaids,86833,
The Adjustment Bureau,84954,
There's Something About Mary,1923,
Borat: Cultural Learnings of America for Make Benefit Glorious Nation of Kazakhstan,48385,
The Heat,103372,
Project X,93270,
Hellboy II: The Golden Army,57640,
21,58803,
Bridget Jones's Diary,4246,
Penguins of Madagascar,117851,
Public Enemies,69640,
1408,53953,
Space Jam,673,
Con Air,1552,
Panic Room,5266,
Unknown,84601,
Hanna,86190,
Burn After Reading,61323,
28 Weeks Later,53000,
Chicken Run,3751,
Vanilla Sky,4975,
Money Monster,157200,
Step Brothers,60756,
The Princess Diaries,4700,4.5
Austin Powers: International Man of Mystery,1517,
The Tree of Life,86898,
Trance,101741,
The Ides of March,89804,
We Bought a Zoo,91653,
Body of Lies,62374,
Stoker,101088,
Pirates of the Caribbean: On Stranger Tides,86880,
Oblivion,101864,
X-Men: Apocalypse,122924,
Alice in Wonderland,74789,
Minions,135887,4.5
Star Wars: Episode II - Attack of the Clones,5378,5
Elysium,103253,
The Matrix Revolutions,6934,
Maze Runner: The Scorch Trials,117895,
Bruce Almighty,6373,
Warm Bodies,99007,
Wanted,60072,
Armageddon,1917,
American Pie,2706,3.5
Cloverfield,57368,
Ocean's Twelve,8984,4.5
Live Free or Die Hard,53972,
Resident Evil,5219,
National Treasure,8972,4.5
White House Down,103339,
Yes Man,64969,
Madagascar 3: Europe's Most Wanted,95105,
The Giver,113378,
Hitch,31685,
Ace Ventura: Pet Detective,344,
Signs,5502,
Joy,140928,
Underworld: Evolution,42738,
RED 2,103810,
The Polar Express,8965,
The Grey,91976,
Liar Liar,1485,
Mamma Mia!,60397,
Final Destination,3409,
Side Effects,100383,
Let's Be Cops,113453,
Forgetting Sarah Marshall,58998,
Epic,102720,
Rush Hour 2,4701,4.5
Elf,6936,
The Ugly Truth,70183,
Secret Window,7347,
Project Almanac,127096,
Cloudy with a Chance of Meatballs 2,105468,4.5
Rambo: First Blood Part II,2402,
The Imaginarium of Doctor Parnassus,69951,
Monster House,46948,
Burnt,142536,
Rio 2,110655,
The Man in the Iron Mask,1801,
The Number 23,51086,
Eagle Eye,62081,
The Mechanic,85020,3.5
Oculus,110591,
The Blair Witch Project,2710,
Silent Hill,45081,
Over the Hedge,45431,
Self/less,135518,
Run All Night,129937,
Machete,80219,
Unstoppable,81782,
The Mask of Zorro,2006,
13 Going on 30,7444,
The Beach,3285,
Black Mass,136018,
Saw II,39446,
Sin City: A Dame to Kill For,113573,
Safe House,92507,
The Witch,140267,
Just Go with It,85367,
Bad Boys II,6548,
The Chronicles of Riddick,8371,
The Chronicles of Narnia: Prince Caspian,59501,
Bolt,63859,
Kick-Ass 2,104241,
Warcraft,122890,4.5
This Is the End,102123,
Home Alone 2: Lost in New York,2953,4.5
TRON: Legacy,82461,
Night at the Museum,46972,4.5
Jack Reacher,99112,
X-Men: The Last Stand,45499,
The Wolverine,103772,
Star Wars: Episode I - The Phantom Menace,2628,4.5
Spectre,136020,4.5
Ted,95441,
Prometheus,94864,
Lucy,111360,4
Man on a Ledge,91978,
The Taking of Pelham 1 2 3,69306,
He's Just Not That Into You,66203,4
Drag Me to Hell,68952,
DodgeBall: A True Underdog Story,8528,
Goosebumps,144620,
Austin Powers: The Spy Who Shagged Me,2683,
Transporter 2,36519,
The Village,8783,
Vacation,136598,
Knocked Up,52973,
Contagion,89470,
How the Grinch Stole Christmas,3988,
Robin Hood,77866,
Underworld: Rise of the Lycans,65682,
The Other Woman,110771,
The Chronicles of Narnia: The Voyage of the Dawn Treader,82169,
Blade II,5254,
The Shallows,158528,
The Mortal Instruments: City of Bones,104312,
Alien³,1320,
Central Intelligence,160271,
Due Date,81537,
Gangster Squad,99728,
Madagascar: Escape 2 Africa,62999,
The 40 Year Old Virgin,35836,
2 Fast 2 Furious,6383,
Riddick,104243,
Salt,79293,
Prince of Persia: The Sands of Time,78105,
War of the Worlds,34048,
Dracula Untold,114795,
The Day After Tomorrow,8361,5
Ted 2,135861,
The Lost World: Jurassic Park,1544,
Ice Age: Continental Drift,95543,4.5
Neighbors,111113,
Tomorrowland,132046,
Hancock,60074,3.5
Olympus Has Fallen,101362,
The Hangover Part II,86911,
Insurgent,130490,
X-Men Origins: Wolverine,68319,
Men in Black 3,94777,4.5
Big Daddy,2694,
Legally Blonde,4447,
"Me, Myself & Irene",3752,
Swordfish,4344,
Twister,736,
Miss Congeniality,4025,
27 Dresses,56949,
What Women Want,4018,
High School Musical,46062,4.5
That Awkward Moment,109483,
Magic Mike,95449,
Saw III,48877,
Turbo,103755,
Ace Ventura: When Nature Calls,19,
Resident Evil: Apocalypse,8861,
Resident Evil: Extinction,55232,
The Purge: Election Year,160565,
No Strings Attached,84374,
Zoolander,4816,
17 Again,68135,4.5
Meet the Fockers,30825,
The Other Guys,79592,
Gone in Sixty Seconds,3717,
Mars Attacks!,1391,
Need for Speed,109850,
Horrible Bosses 2,117590,
Pain & Gain,102033,
American Reunion,93831,
The Internship,102481,
The Fast and the Furious: Tokyo Drift,46335,4.5
The Expendables 3,112897,3.5
Night at the Museum: Secret of the Tomb,119155,
Underworld: Awakening,91974,
Paper Towns,128512,
The World Is Not Enough,3082,
Flushed Away,48982,
Freaky Friday,6593,
John Carter,93363,
Hot Tub Time Machine,76077,
Anchorman 2: The Legend Continues,107348,
Tomorrow Never Dies,1722,
The Interview,119141,
300: Rise of an Empire,109673,
Johnny English Reborn,90522,
Casper,158,
Taken 2,96861,
The Expendables 2,91485,
Get Smart,60126,
Quantum of Solace,63113,
The Incredible Hulk,60040,
Under the Skin,109848,
Transformers: Dark of the Moon,87520,3
American Wedding,6586,
Death Race,61248,
Predators,79057,
Antz,2294,
Robots,32031,
American Pie 2,4718,
The Visit,140523,
Mama,99912,
Monsters vs Aliens,67408,
The Huntsman: Winter's War,156607,
Final Destination 5,88932,
The Legend of Zorro,39435,
Bedtime Stories,65088,
Saw IV,55577,
The Tourist,82202,
Grown Ups,79134,
Get Hard,131013,
Pan,130450,
The Host,101577,
Hitman,56156,
Austin Powers in Goldmember,5481,
Waterworld,208,
Shrek Forever After,78637,
Final Destination 2,6058,
Percy Jackson & the Olympians: The Lightning Thief,74530,
Click,45672,
The Mummy Returns,4270,
Shrek the Third,53121,
Date Night,76293,
Jack Ryan: Shadow Recruit,108188,
Trainwreck,134393,
Surrogates,71530,
How to Be Single,148956,
The Bourne Legacy,91535,
The Expendables,79695,
San Andreas,132796,
Paranormal Activity,71379,
47 Ronin,106491,
Men in Black II,5459,
Transformers: Revenge of the Fallen,69526,3.5
Alien: Resurrection,1690,
The Grudge,8947,
This Means War,93326,
Happy Feet,49274,4
Scary Movie 3,6888,
What Happens in Vegas,59421,
Knowing,67197,
Tower Heist,90717,
Knight and Day,79185,
Stuart Little,3157,
I Am Number Four,85056,
Teenage Mutant Ninja Turtles: Out of the Shadows,159690,
Final Destination 3,43679,
Sucker Punch,85510,
Percy Jackson: Sea of Monsters,104074,
Don Jon,105213,
Journey 2: The Mysterious Island,92681,
The Dictator,94677,
Jumper,58025,
Die Another Day,5872,
The Boy,151639,
Mission: Impossible II,3623,
Night at the Museum: Battle of the Smithsonian,68793,
Grown Ups 2,104218,
Terminator 3: Rise of the Machines,6537,
Transcendence,110730,
The Lone Ranger,103384,
Jason Bourne,160438,
Immortals,90888,
Hostel,42723,
The Golden Compass,56171,
Journey to the Center of the Earth,60514,
Terminator Salvation,68791,
Resident Evil: Afterlife,80363,
xXx,5507,
Carrie,105731,
A Million Ways to Die in the West,111743,
The Sorcerer's Apprentice,79139,
The Monuments Men,108928,
Valentine's Day,74450,
Shark Tale,8907,
London Has Fallen,152079,
The Secret Life of Pets,135436,
Spider-Man 3,52722,
The League of Extraordinary Gentlemen,6541,
Bee Movie,55768,
Only God Forgives,102684,
This Is 40,99117,
Blade: Trinity,8985,
Cars 2,87876,4
Red Riding Hood,85397,
The Three Musketeers,90403,
Alexander,8977,
"Hail, Caesar!",143859,
Chicken Little,40339,
The Last Witch Hunter,135532,
Abduction,90524,
The Twilight Saga: Eclipse,78772,
Beautiful Creatures,100487,
Suicide Squad,135536,3.5
Teenage Mutant Ninja Turtles,113348,
Spy Kids,4232,
Transformers: Age of Extinction,112370,3.5
Snow White and the Huntsman,94780,
Charlie's Angels,3977,
Twilight,63992,
Planet of the Apes,4643,
Jurassic Park III,4638,
Lara Croft: Tomb Raider,4367,
You Don't Mess with the Zohan,59900,
Neighbors 2: Sorority Rising,156609,
Dark Shadows,94478,
RoboCop,108945,
Mirror Mirror,94015,
Indiana Jones and the Kingdom of the Crystal Skull,59615,
Resident Evil: Retribution,96691,
Alvin and the Chipmunks,56176,
The Smurfs,88356,
Identity Thief,100390,
Into the Woods,118997,
Hercules,112911,
AVP: Alien vs. Predator,8810,
The Green Hornet,83349,
Scary Movie 2,4388,
Abraham Lincoln: Vampire Hunter,95207,
Hansel & Gretel: Witch Hunters,100163,
Exodus: Gods and Kings,116887,
G.I. Joe: The Rise of Cobra,70336,
Oz: The Great and Powerful,101112,
Little Fockers,82852,
Lara Croft Tomb Raider: The Cradle of Life,6564,
Wrath of the Titans,93766,
The Watch,95720,
Battle: Los Angeles,85131,
Dumb and Dumber To,116977,
Clash of the Titans,76175,
Noah,110127,
The Twilight Saga: New Moon,72407,
Pixels,135137,
R.I.P.D.,103655,
Batman v Superman: Dawn of Justice,136864,
Superman Returns,46530,
Charlie's Angels: Full Throttle,6503,
Evan Almighty,53993,
Battleship,94018,
Seventh Son,119655,
Bad Teacher,87485,
The Legend of Tarzan,160563,
The Day the Earth Stood Still,64497,
2012,72378,5
Jack the Giant Slayer,101025,
Hulk,6534,
Wild Wild West,2701,
Sex Tape,112788,
The Mummy: Tomb of the Dragon Emperor,60937,4
4: Rise of the Silver Surfer,53464,
Batman Forever,153,
G.I. Joe: Retaliation,101076,
Ghostbusters,160080,
The Happening,60037,
Ghost Rider,51077,
Eragon,49649,
Ouija,115534,
Spring Breakers,101285,
Jupiter Ascending,113345,
Fifty Shades of Grey,125916,
A Good Day to Die Hard,100498,
Green Lantern,87430,
Ghost Rider: Spirit of Vengeance,92938,
The Last Airbender,78893,
After Earth,102880,
Independence Day: Resurgence,135567,
The Boy Next Door,128592,
Batman & Robin,1562,
Fantastic Four,122902,
The American President,11,
Nixon,14,
Cutthroat Island,15,
Sense and Sensibility,17,
Four Rooms,18,
Money Train,20,
Get Shorty,21,
Copycat,22,
Assassins,23,
Leaving Las Vegas,25,
Babe,34,
Dead Man Walking,36,
Clueless,39,
Richard III,41,
Mortal Kombat,44,
To Die For,45,
Home for the Holidays,57,
The Indian in the Cupboard,60,
Eye for an Eye,61,
Mr. Holland's Opus,62,
Friday,69,
The Juror,79,
Things to Do in Denver When You're Dead,81,
White Squall,86,
Mary Reilly,92,
Vampire in Brooklyn,93,
Broken Arrow,95,
City Hall,100,
Bottle Rocket,101,
Happy Gilmore,104,
The Bridges of Madison County,105,
紅番區,112,
Boomerang,122,
Flirting with Disaster,125,
Jade,132,
Up Close & Personal,140,
The Brothers McMullen,144,
Rob Roy,151,
Congo,160,
Crimson Tide,161,
First Knight,168,
Hackers,170,
Kids,175,
Mallrats,180,
The Net,185,
The Prophecy,188,
The Scarlet Letter,191,
Showgirls,193,
Species,196,
Under Siege 2: Dark Territory,204,
Clerks,223,
Don Juan DeMarco,224,
Disclosure,225,
Exotica,233,
Ed Wood,235,
Hoop Dreams,246,
Heavenly Creatures,247,
Jefferson in Paris,254,
The Jerky Boys,255,
Kiss of Death,259,
Little Women,261,
Legends of the Fall,266,
Outbreak,292,
The Perez Family,294,
The Quick and the Dead,303,
The Specialist,315,
The Santa Clause,317,
Tank Girl,327,
Tales from the Crypt: Demon Knight,328,
Star Trek: Generations,329,
Tales from the Hood,330,
Virtuosity,338,
Bullets Over Broadway,348,
Clear and Present Danger,349,
The Client,350,
Crooklyn,352,
The Flintstones,355,
Four Weddings and a Funeral,357,
New Nightmare,366,
The Naked Gun 33⅓: The Final Insult,370,
Ri¢hie Ri¢h,374,
The River Wild,376,
Timecop,379,
Wolf,382,
Wyatt Earp,383,
A Low Down Dirty Shame,387,
Street Fighter,393,
Highlander III: The Sorcerer,405,
The Age of Innocence,412,
Beverly Hills Cop III,420,
Cliffhanger,434,
Dazed and Confused,441,
The Firm,454,
The Hudsucker Proxy,471,
The Inkwell,476,
What's Love Got to Do with It,477,
Killing Zoe,482,
Last Action Hero,485,
Menace II Society,493,
Executive Decision,494,
Much Ado About Nothing,497,
The Piano,509,
Poetic Justice,510,
The Remains of the Day,515,
Renaissance Man,516,
RoboCop 3,519,
Romeo Is Bleeding,521,
Ruby in Paradise,523,
Serial Mom,532,
The Shadow,533,
Shadowlands,534,
Super Mario Bros.,546,
Tombstone,553,
True Romance,555,
Welcome to the Dollhouse,562,
The Wild Bunch,599,
Heavy Metal,610,
The Pallbearer,612,
A Thin Line Between Love and Hate,626,
Sgt. Bilko,637,
Girl 6,639,
Courage Under Fire,647,
DragonHeart,653,
Faithful,664,
Barbarella,674,
Mrs. Winterbourne,691,
Flipper,711,
Le Hussard sur le toit,715,
Les visiteurs,718,
Multiplicity,719,
The Craft,724,
Thinner,742,
Spy Hard,743,
The Phantom,761,
Striptease,762,
The Fan,782,
The Cable Guy,784,
Kingpin,785,
Eraser,786,
The Nutty Professor,788,
Daylight,798,
Lone Star,800,
Harriet the Spy,801,
Phenomenon,802,
Walking and Talking,803,
She's the One,804,
A Time to Kill,805,
Fled,809,
The Adventures of Pinocchio,828,
The First Wives Club,830,
Ransom,832,
Chain Reaction,836,
Escape from L.A.,849,
Basquiat,851,
Tin Cup,852,
Bound,866,
Kansas City,869,
The Relic,879,
The Island of Dr. Moreau,880,
Bogus,885,
Halloween: The Curse of Michael Myers,891,
Singin' in the Rain,899,
It Happened One Night,905,
The Apartment,909,
Some Like It Hot,910,
My Fair Lady,914,
Rebecca,928,
Spellbound,931,
Top Hat,945,
Mr. Smith Goes to Washington,954,
Night of the Living Dead,968,
Cat on a Hot Tin Roof,971,
A Farewell to Arms,976,
Maximum Risk,990,
Michael Collins,991,
Set It Off,998,
Extreme Measures,1003,
The Glimmer Man,1004,
"20,000 Leagues Under the Sea",1019,
Cool Runnings,1020,
Freeway,1034,
The Lawnmower Man,1037,
That Thing You Do!,1042,
The Long Kiss Goodnight,1047,
The Ghost and the Darkness,1049,
Trees Lounge,1051,
Get on the Bus,1054,
Shadow Conspiracy,1055,
Everyone Says I Love You,1057,
Swingers,1060,
Sleepers,1061,
Willy Wonka & the Chocolate Factory,1073,
Sleeper,1077,
Bananas,1078,
The Doors,1093,
The Crying Game,1094,
Glengarry Glen Ross,1095,
Days of Thunder,1100,
A Streetcar Named Desire,1104,
The Funeral,1114,
The Return of the Pink Panther,1125,
The Abyss,1127,
The Fog,1128,
Escape from New York,1129,
The Howling,1130,
Private Benjamin,1135,
The English Patient,1183,
"Sex, Lies, and Videotape",1186,
Brazil,1199,
Lawrence of Arabia,1204,
To Kill a Mockingbird,1207,
Army of Darkness,1215,
Henry V,1224,
The Right Stuff,1231,
Das Boot,1233,
The Sting,1234,
Glory,1242,
The Bridge on the River Kwai,1250,
Evil Dead II,1261,
The Great Escape,1262,
Patton,1272,
アキラ,1274,
Highlander,1275,
Young Frankenstein,1278,
Fantasia,1282,
High Noon,1283,
Somewhere in Time,1286,
Gandhi,1293,
A Room with a View,1296,
Butch Cassidy and the Sundance Kid,1304,
April Fool's Day,1330,
Cape Fear,1343,
Cat People,1346,
The Omen,1350,
Blood and Wine,1351,
Albino Alligator,1352,
The Mirror Has Two Faces,1353,
Star Trek: First Contact,1356,
Shine,1357,
Sling Blade,1358,
Jingle All the Way,1359,
Star Trek: The Motion Picture,1371,
Star Trek VI: The Undiscovered Country,1372,
Star Trek V: The Final Frontier,1373,
Star Trek II: The Wrath of Khan,1374,
Star Trek III: The Search for Spock,1375,
Star Trek IV: The Voyage Home,1376,
Young Guns,1378,
Jaws 2,1388,
My Fellow Americans,1390,
Marvin's Room,1399,
Ghosts of Mississippi,1401,
Beavis and Butt-Head Do America,1405,
The Last of the Mohicans,1408,
Hamlet,1411,
Evita,1416,
Turbulence,1427,
Dante's Peak,1438,
Prefontaine,1442,
Waiting for Guffman,1449,
Absolute Power,1459,
Kama Sutra - A Tale of Love,1475,
The Saint,1479,
Smilla's Sense of Snow,1480,
Selena,1487,
The Devil's Own,1488,
Cats Don't Dance,1489,
Love and Other Catastrophes,1493,
Anaconda,1499,
Grosse Pointe Blank,1500,
8 Heads in a Duffel Bag,1503,
Volcano,1515,
Breakdown,1518,
Warriors of Virtue,1525,
Speed 2: Cruise Control,1556,
Dream with the Fishes,1563,
My Best Friend's Wedding,1569,
Chacun Cherche Son Chat,1571,
A Simple Wish,1583,
G.I. Jane,1586,
Conan the Barbarian,1587,
George of the Jungle,1588,
Cop Land,1589,
Event Horizon,1590,
Spawn,1591,
Air Bud,1592,
In the Company of Men,1594,
Conspiracy Theory,1597,
Steel,1599,
Money Talks,1604,
Air Force One,1608,
My Own Private Idaho,1611,
In & Out,1614,
The Edge,1615,
The Peacemaker,1616,
Seven Years in Tibet,1619,
Kiss the Girls,1620,
Soul Food,1621,
Ulee's Gold,1633,
The Ice Storm,1635,
Chasing Amy,1639,
How to Be a Player,1640,
The Full Monty,1641,
I Know What You Did Last Summer,1644,
Eve's Bayou,1660,
Switchback,1661,
Stripes,1663,
Mad City,1667,
The Rainmaker,1672,
Boogie Nights,1673,
Witness,1674,
Sliding Doors,1680,
Mortal Kombat: Annihilation,1681,
The Jackal,1687,
The Man Who Knew Too Little,1689,
Amistad,1693,
The Apostle,1694,
Deconstructing Harry,1701,
Flubber,1702,
Midnight in the Garden of Good and Evil,1711,
Scream 2,1717,
The Sweet Hereafter,1719,
The Postman,1726,
The Horse Whisperer,1727,
Kundun,1730,
Wag the Dog,1747,
Dark City,1748,
Hard Rain,1752,
Half Baked,1753,
Shooting Fish,1755,
Spice World,1760,
Deep Rising,1762,
The Replacement Killers,1769,
Sphere,1779,
Love and Death on Long Island,1794,
The Newton Boys,1804,
Wild Things,1805,
Primary Colors,1810,
Two Girls and a Guy,1816,
The Object of My Affection,1821,
Meet the Deedles,1822,
Barney's Great Adventure,1826,
Lost in Space,1831,
Mercury Rising,1833,
The Spanish Prisoner,1834,
City of Angels,1835,
He Got Game,1840,
Zero Effect,1845,
The Borrowers,1848,
一個好人,1858,
Karakter,1860,
The Big Hit,1866,
"Dancer, Texas Pop. 81",1870,
Clockwatchers,1875,
Deep Impact,1876,
Woo,1878,
Quest for Camelot,1881,
Bulworth,1883,
I Got the Hook Up,1886,
Hope Floats,1888,
Six Days Seven Nights,1894,
Can't Hardly Wait,1895,
بچه‌های آسمان,1900,
Hav Plenty,1903,
The X Files,1909,
Doctor Dolittle,1911,
Out of Sight,1912,
Smoke Signals,1914,
Buffalo '66,1916,
Lethal Weapon 4,1918,
Small Soldiers,1920,
Pi,1921,4
The Broadway Melody,1926,
You Can't Take It With You,1934,
How Green Was My Valley,1935,
The Lost Weekend,1938,
The Best Years of Our Lives,1939,
Gentleman's Agreement,1940,
The Greatest Show on Earth,1943,
From Here to Eternity,1944,
On the Waterfront,1945,
West Side Story,1947,
Tom Jones,1948,
A Man for All Seasons,1949,
Oliver!,1951,
Midnight Cowboy,1952,
The French Connection,1953,
Ordinary People,1956,
Chariots of Fire,1957,
Out of Africa,1959,
The Last Emperor,1960,5
Driving Miss Daisy,1962,
Repo Man,1965,
Metropolitan,1966,
A Nightmare on Elm Street Part 2: Freddy's Revenge,1969,
A Nightmare on Elm Street 3: Dream Warriors,1970,
A Nightmare on Elm Street 4: The Dream Master,1971,
A Nightmare on Elm Street 5: The Dream Child,1972,
Freddy's Dead: The Final Nightmare,1973,
Friday the 13th Part 2,1975,
Friday the 13th Part III,1976,
Friday the 13th: The Final Chapter,1977,
Friday the 13th: A New Beginning,1978,
Friday the 13th Part VI: Jason Lives,1979,
Friday the 13th Part VII: The New Blood,1980,
Friday the 13th Part VIII: Jason Takes Manhattan,1981,
Halloween III: Season of the Witch,1984,
Halloween 4: The Return of Michael Myers,1985,
Halloween 5: The Revenge of Michael Myers,1986,
Child's Play,1991,
Child's Play 2,1992,
Poltergeist,1994,
Poltergeist III,1996,
Exorcist II: The Heretic,1998,
Lethal Weapon 3,2002,
Gremlins 2: The New Batch,2004,
Metropolis,2010,
Dangerous Liaisons,2020,
Dune,2021,
The Last Temptation of Christ,2022,
Disturbing Behavior,2026,
The Black Hole,2034,
Hocus Pocus,2052,
The Negotiator,2058,
Roger & Me,2064,
Doctor Zhivago,2067,
The Mighty Ducks,2082,
The Muppet Christmas Carol,2083,
Return to Oz,2093,
Splash,2100,
The Outsiders,2114,
The Dead Zone,2118,
The Addams Family,2124,
EverAfter,2125,
Snake Eyes,2126,
Safe Men,2128,
The Clan of the Cave Bear,2147,
How Stella Got Her Groove Back,2154,
Slums of Beverly Hills,2155,
Dead Man on Campus,2169,
Next Stop Wonderland,2171,
Family Plot,2177,
Frenzy,2178,
Torn Curtain,2180,
The Trouble with Harry,2184,
54,2188,
I Married a Strange Person!,2189,
Dirty Work,2195,
Rounders,2231,
Simon Birch,2236,
Without Limits,2237,
We're No Angels,2264,
One True Thing,2272,
Six-String Samurai,2275,
Ronin,2278,
Urban Legend,2279,
Clay Pigeons,2280,
A Night at the Roxbury,2296,
What Dreams May Come,2297,
History of the World: Part I,2301,
My Cousin Vinny,2302,
Slam,2305,
Holy Man,2306,
The Mighty,2310,
The Elephant Man,2313,
Beloved,2314,
Bride of Chucky,2315,
Practical Magic,2316,
Happiness,2318,
Soldier,2322,
Orgazmo,2325,
Vampires,2328,
Living Out Loud,2331,
Gods and Monsters,2333,
The Siege,2334,
The Waterboy,2335,
Elizabeth,2336,
Velvet Goldmine,2337,
I Still Know What You Did Last Summer,2338,
The Rugrats Movie,2354,
Celebrity,2356,
Central do Brasil,2357,
Waking Ned,2359,
Festen,2360,
Pink Flamingos,2361,
Red Sonja,2373,
A View to a Kill,2376,
Lifeforce,2377,
Police Academy,2378,
Babe: Pig in the City,2384,
Home Fries,2385,
Very Bad Things,2387,
Little Voice,2390,
A Simple Plan,2391,
Star Trek: Insurrection,2393,
The Prince of Egypt,2394,
Rushmore,2395,
Shakespeare in Love,2396,
Pale Rider,2401,
Rambo III,2404,
Young Sherlock Holmes,2414,
You've Got Mail,2424,
The Thin Red Line,2427,
The Faculty,2428,
Mighty Joe Young,2429,
Patch Adams,2431,
Stepmom,2432,
A Civil Action,2433,
Tea with Mussolini,2436,
At First Sight,2445,
In Dreams,2446,
Varsity Blues,2447,
Howard the Duck,2450,
The Texas Chain Saw Massacre,2459,
The Texas Chainsaw Massacre 2,2460,
Peggy Sue Got Married,2469,
Crocodile Dundee,2470,
Crocodile Dundee II,2471,
The Color of Money,2474,
She's All That,2485,
Payback,2490,
Simply Irresistible,2491,
20 Dates,2492,
Blast from the Past,2496,
Message in a Bottle,2497,
My Favorite Martian,2498,
Jawbreaker,2500,
200 Cigarettes,2504,
8MM,2505,
Breakfast of Champions,2507,
Pet Sematary,2513,
Meteor,2526,
Logan's Run,2528,
Beneath the Planet of the Apes,2530,
Battle for the Planet of the Apes,2531,
Conquest of the Planet of the Apes,2532,
Escape from the Planet of the Apes,2533,
Analyze This,2539,
The Corruptor,2540,
Cruel Intentions,2541,
The Deep End of the Ocean,2546,
The Rage: Carrie 2,2548,
Wing Commander,2549,
Baby Geniuses,2555,
Ravenous,2560,
Doug's 1st Movie,2566,
Edtv,2567,
Among Giants,2569,
A Walk on the Moon,2570,
"Tango, no me dejes nunca",2573,
The Out-of-Towners,2574,
Go,2580,
Pushing Tin,2598,
Election,2599,
eXistenZ,2600,
Entrapment,2605,
Idle Hands,2606,
Dick Tracy,2616,
Mommie Dearest,2639,
Superman II,2641,
Superman III,2642,
Superman IV: The Quest for Peace,2643,
The Thirteenth Floor,2672,
The Loss of Sexual Innocence,2674,
Instinct,2676,
Desert Blue,2678,
Limbo,2682,
The Red Violin,2686,
The General's Daughter,2688,
An Ideal Husband,2690,
Lola rennt,2692,
Trekkies,2693,
Arachnophobia,2699,
Summer of Sam,2702,
Arlington Road,2707,
Muppets from Space,2709,
Lake Placid,2713,
The Wood,2714,
The Velocity of Gary,2715,
Drop Dead Gorgeous,2718,
The Haunting,2719,
Inspector Gadget,2720,
Deep Blue Sea,2722,
Mystery Men,2723,
Runaway Bride,2724,
Twin Falls Idaho,2725,
Lolita,2729,
Barry Lyndon,2730,
The Golden Child,2735,
The Color Purple,2739,
Little Shop of Horrors,2746,
Radio Days,2750,
Dick,2759,
The Thomas Crown Affair,2763,
Illuminata,2767,
The Yards,2769,
Bowfinger,2770,
Brokedown Palace,2771,
Detroit Rock City,2772,
National Lampoon's Vacation,2795,
Oscar and Lucinda,2801,
The Pelican Brief,2803,
A Christmas Story,2804,
Mickey Blue Eyes,2805,
Universal Soldier: The Return,2807,
Love Stinks,2809,
In Too Deep,2812,
Medicine Man,2822,
The 13th Warrior,2826,
The Astronaut's Wife,2827,
Dudley Do-Right,2828,
The Muse,2829,
Chill Factor,2835,
Outside Providence,2836,
Stigmata,2840,
Stir of Echoes,2841,
Blue Streak,2860,
For Love of the Game,2861,
A Hard Day's Night,2863,
Double Jeopardy,2881,
Jakob the Liar,2882,
Mumford,2883,
The Adventures of Elmo in Grouchland,2886,
Drive Me Crazy,2888,
"Mystery, Alaska",2889,
Three Kings,2890,
"Happy, Texas",2891,
Random Hearts,2906,
Superstar,2907,
Boys Don't Cry,2908,
The Limey,2912,
High Plains Drifter,2921,
Hang 'em High,2922,
Il conformista,2925,
Reds,2929,
Days of Heaven,2932,
Niagara,2939,
Flashdance,2942,
From Russia with Love,2948,
The Blue Lagoon,2950,
The Story of Us,2961,
The Straight Story,2966,
Time Bandits,2968,
All That Jazz,2971,
Bats,2974,
The Best Man,2975,
Bringing Out the Dead,2976,
Crazy in Alabama,2977,
Three to Tango,2978,
For Your Eyes Only,2989,
Licence to Kill,2990,
Live and Let Die,2991,
Thunderball,2993,
House on Haunted Hill,2995,
Dreaming of Joseph Lees,2998,
The Bone Collector,3005,
The Insider,3006,
Creepshow,3016,
Creepshow 2,3017,
Nighthawks,3029,
La Guerre du feu,3036,
Trading Places,3039,
The Incredibly True Adventure of Two Girls In Love,3046,
Under the Rainbow,3048,
Anywhere But Here,3051,
Dogma,3052,
Joan of Arc,3053,
Felicia's Journey,3055,
The Longest Day,3062,
Tora! Tora! Tora!,3066,
The Verdict,3068,
Scrooged,3087,
Maurice,3094,
Fatal Attraction,3101,
Midnight Run,3104,
The Fisher King,3108,
End of Days,3113,
Flawless,3115,
Ride with the Devil,3117,
Tumbleweeds,3118,
The End of the Affair,3125,
Cradle Will Rock,3145,
Deuce Bigalow: Male Gigolo,3146,
Anna and the King,3155,
Fantasia 2000,3159,
Magnolia,3160,
Topsy-Turvy,3163,
Any Given Sunday,3173,
Man on the Moon,3174,
Galaxy Quest,3175,
The Talented Mr. Ripley,3176,
Next Friday,3177,
The Hurricane,3178,
Angela's Ashes,3179,
Play It to the Bone,3180,
Snow Falling on Cedars,3185,
"Girl, Interrupted",3186,
My Dog Skip,3189,
Supernova,3190,
The Boys from Brazil,3204,
National Lampoon's Loaded Weapon 1,3208,
Fast Times at Ridgemont High,3210,
Down to You,3225,
Eye of the Beholder,3238,
Isn't She Great,3239,
The Big Tease,3240,
Malcolm X,3246,
Alive,3250,
Wayne's World,3253,
A League of Their Own,3255,
Patriot Games,3256,
The Bodyguard,3257,
Death Becomes Her,3258,
Howards End,3260,
El Mariachi,3267,
Scream 3,3273,
The Boondock Saints,3275,
Gun Shy,3276,
Snow Day,3286,
The Tigger Movie,3287,
Boiler Room,3298,
Hanging Up,3299,
The Whole Nine Yards,3301,
Reindeer Games,3316,
Wonder Boys,3317,
Deterrence,3318,
Drowning Mona,3324,
The Next Best Thing,3325,
What Planet Are You From?,3326,
Beyond the Mat,3327,
Ghost Dog: The Way of the Samurai,3328,
Mission to Mars,3354,
The Ninth Gate,3355,
American Graffiti,3363,
JFK,3386,
Shanghai Surprise,3390,
The Muppet Movie,3396,
Erin Brockovich,3408,
Animal House,3421,
She's Gotta Have It,3422,
School Daze,3423,
Do the Right Thing,3424,
Mo' Better Blues,3425,
Teenage Mutant Ninja Turtles II: The Secret of the Ooze,3439,
Teenage Mutant Ninja Turtles III,3440,
Red Dawn,3441,
Bloodsport,3444,
"Good Morning, Vietnam",3448,
Romeo Must Die,3452,
Here On Earth,3453,
Whatever It Takes,3454,
Modern Times,3462,
Hud,3467,
The Hustler,3468,
La Bamba,3478,
Ladyhawke,3479,
High Fidelity,3481,
The Road to El Dorado,3483,
The Skulls,3484,
Солярис,3503,
Network,3504,
Frequency,3510,
Ready to Rumble,3511,
Return to Me,3512,
Force 10 from Navarone,3519,
The Prince of Tides,3528,
The Postman Always Rings Twice,3529,
28 Days,3534,
Keeping the Faith,3536,
East Is East,3538,
Diner,3543,
Caddyshack,3552,
Gossip,3553,
Love & Basketball,3554,
U-571,3555,
The Virgin Suicides,3556,
The Flintstones in Viva Rock Vegas,3564,
Where the Heart Is,3565,
Smiling Fish & Goat On Fire,3568,
I Dreamed of Africa,3579,
Human Traffic,3581,
Battlefield Earth,3593,
Center Stage,3594,
Screwed,3596,
Dinosaur,3615,
Loser,3616,
Road Trip,3617,
Small Time Crooks,3618,
Shanghai Noon,3624,
On Her Majesty's Secret Service,3633,
The Spy Who Loved Me,3635,
Moonraker,3638,
The Man with the Golden Gun,3639,
Big Momma's House,3646,
Blazing Saddles,3671,
Benji,3672,
Eraserhead,3676,
Flatliners,3686,
Porky's,3688,
The Toxic Avenger,3693,
The Toxic Avenger Part II,3694,
Predator 2,3697,
The Running Man,3698,
Mad Max Beyond Thunderdome,3704,
Nine 1/2 Weeks,3707,
Firestarter,3708,
Action Jackson,3710,
The Conversation,3730,
Big Trouble in Little China,3740,
Boys and Girls,3743,
Shaft,3744,
Titan A.E.,3745,
Jesus' Son,3747,
The Adventures of Rocky & Bullwinkle,3754,
The Perfect Storm,3755,
The Kentucky Fried Movie,3760,
Bound by Honor,3761,
House Party 2,3774,
The Kid,3784,
But I'm a Cheerleader,3786,
Groove,3790,
Footloose,3791,
Duel in the Sun,3792,
Chuck & Buck,3794,
What Lies Beneath,3798,
Everything You Always Wanted to Know About Sex *But Were Afraid to Ask,3812,
Thomas and the Magic Railroad,3820,
Nutty Professor II: The Klumps,3821,
Autumn in New York,3824,
Coyote Ugly,3825,
Hollow Man,3826,
Space Cowboys,3827,
The Brain That Wouldn't Die,3833,
Phantasm II,3837,
Aimee & Jaguar,3854,
Bless the Child,3857,
Cecil B. Demented,3858,
The Replacements,3861,
The Cell,3863,
Gojira ni-sen mireniamu,3864,
The Original Kings of Comedy,3865,
The Naked Gun 2½: The Smell of Fear,3869,
The Art of War,3879,
Bring It On,3882,
Highlander: Endgame,3889,
Anatomie,3892,
Nurse Betty,3893,
The Watcher,3895,
The Way of the Gun,3896,
Almost Famous,3897,
Duets,3901,
Urbania,3903,
The Specials,3905,
Urban Legends: Final Cut,3908,
Woman on Top,3909,
Dancer in the Dark,3910,
Best in Show,3911,
The Broken Hearts Club: A Romantic Comedy,3914,
Remember the Titans,3916,
Hellraiser,3917,
Bamboozled,3943,
Digimon: The Movie,3945,
Get Carter,3946,
The Contender,3952,
The Ladies Man,3955,
Lost Souls,3956,
Billy Elliot,3967,
Bedazzled,3968,
Pay It Forward,3969,
...E tu vivrai nel terrore! L'aldilà,3970,
醉拳二,3972,
Book of Shadows: Blair Witch 2,3973,
Lucky Numbers,3975,
The Legend of Bagger Vance,3978,
Little Nicky,3979,
Men of Honor,3980,
Red Planet,3981,
You Can Count on Me,3983,
Diamonds Are Forever,3984,
The 6th Day,3986,
Rugrats in Paris: The Movie,3990,
102 Dalmatians,3991,
Quills,3993,
Proof of Life,3998,
Vertical Limit,3999,
The Bounty,4000,
The Living Daylights,4005,
Wall Street,4007,
Born on the Fourth of July,4008,
Talk Radio,4009,
"Dude, Where’s My Car?",4015,
Pollock,4017,
Finding Forrester,4019,
The Family Man,4023,
The House of Mirth,4024,
Dracula 2000,4030,
All the Pretty Horses,4031,
Thirteen Days,4033,
Traffic,4034,
The Claim,4035,
Shadow of the Vampire,4036,
Gettysburg,4047,
Antitrust,4052,
Double Take,4053,
Save the Last Dance,4054,
The Pledge,4056,
Mystic Pizza,4062,
The Wedding Planner,4069,
Beverly Hills Cop II,4084,
The Brave Little Toaster,4090,
Cry Freedom,4095,
Hollywood Shuffle,4116,
Ishtar,4123,
Jaws: The Revenge,4124,
The Lost Boys,4128,
Head Over Heels,4141,
Valentine,4143,
Saving Silverman,4149,
Down to Earth,4153,
Sweet November,4155,
Monkeybone,4158,
3000 Miles to Graceland,4159,
The Mexican,4161,
See Spot Run,4162,
15 Minutes,4167,
Get Over It,4168,
The Greatest Story Ever Told,4189,
Elmer Gantry,4190,
Double Impact,4200,
Harley Davidson and the Marlboro Man,4203,
River's Edge,4218,
C.H.U.D.,4222,
Exit Wounds,4224,
Heartbreakers,4228,
Say It Isn't So,4229,
Someone Like You...,4231,
Tomcats,4233,
The Tailor of Panama,4234,
Amores perros,4235,
Along Came a Spider,4238,
Pokémon 3: The Movie,4241,
Joe Dirt,4247,
Josie and the Pussycats,4248,
دایره,4252,
Crocodile Dundee in Los Angeles,4254,
Freddy Got Fingered,4255,
Driven,4265,
The Forsaken,4266,
Town & Country,4268,
Cleopatra,4274,
Krull,4275,
Angel Eyes,4305,
The Animal,4340,
Catch-22,4349,
Tootsie,4361,
Dr. Dolittle 2,4368,
Baby Boy,4371,
Crazy/Beautiful,4372,
Sexy Beast,4378,
Cats & Dogs,4386,
Kiss of the Dragon,4387,
Donovan's Reef,4401,
The Man Who Shot Liberty Valance,4406,
Salvador,4407,
Viskningar och rop,4422,
The Misfits,4428,
The Last Dragon,4442,
Final Fantasy: The Spirits Within,4446,
The Score,4448,
Bully,4450,
Made,4452,
Michael Jordan to the Max,4453,
"Bright Lights, Big City",4482,
The Land Before Time,4519,
My Stepmother is an Alien,4526,
The Return of the Living Dead,4533,
The Man from Snowy River,4535,
They Live,4553,
Twins,4558,
American Ninja 2: The Confrontation,4566,
Bill & Ted's Excellent Adventure,4571,
Black Rain,4572,
Major League,4623,
New York Stories,4628,
America's Sweethearts,4639,
Brother,4640,
Ghost World,4641,
Hedwig and the Angry Inch,4642,
キュア,4645,
Road House,4654,
Sea of Love,4661,
Tango & Cash,4673,
Troop Beverly Hills,4676,
UHF,4678,
Warlock,4682,
The Cotton Club,4690,
Def-Con 4,4691,
The Hotel New Hampshire,4692,
Original Sin,4699,
Paint Your Wagon,4709,
Osmosis Jones,4719,
American Outlaws,4721,
Session 9,4725,
Captain Corelli's Mandolin,4727,
Rat Race,4728,
Bubble Boy,4732,
The Curse of the Jade Scorpion,4733,
Jay and Silent Bob Strike Back,4734,
Ghosts of Mars,4735,
Summer Catch,4736,
Jeepers Creepers,4744,
O,4745,
3 Ninjas Kick Back,4749,
The Musketeer,4756,
Rock Star,4757,
L.I.E. Long Island Expressway,4765,
The Glass House,4770,
Hardball,4771,
Dinner Rush,4772,
Big Trouble,4774,
Glitter,4775,
"It's a Mad, Mad, Mad, Mad World",4799,
Pocketful of Miracles,4804,
Don't Say a Word,4814,
Hearts in Atlantis,4815,
Joy Ride,4821,
Max Keeble's Big Move,4822,
Serendipity,4823,
Can't Stop the Music,4831,
Coal Miner's Daughter,4835,
Bandits,4844,
Fiddler on the Roof,4857,
From Hell,4865,
The Last Castle,4866,
Riding in Cars with Boys,4867,
K-PAX,4874,
On the Line,4875,
Thir13en Ghosts,4876,
Life as a House,4880,
Domestic Disturbance,4885,
The One,4887,
Shallow Hal,4890,
The Wash,4895,
Novocaine,4898,
Black Knight,4899,
Spy Game,4901,
In the Bedroom,4903,
The Beastmaster,4915,
Dressed to Kill,4932,
Flash Gordon,4941,
Invasion U.S.A.,4949,
Behind Enemy Lines,4958,
The Business of Strangers,4965,
Not Another Teen Movie,4974,
Iris,4976,
Bill & Ted's Bogus Journey,4980,
How High,4989,
Jimmy Neutron: Boy Genius,4990,
Kate & Leopold,4992,
The Majestic,4994,
Ali,5009,
Yentl,5012,
Gosford Park,5013,
I Am Sam,5014,
Monster's Ball,5015,
The Shipping News,5016,
Dragonslayer,5039,
Conan the Destroyer,5040,
Impostor,5046,
Kung Pow: Enter the Fist,5047,
Snow Dogs,5048,
The Count of Monte Cristo,5064,
The Mothman Prophecies,5065,
The Adventures of Huck Finn,5076,
Slackers,5080,
Birthday Girl,5081,
Big Fat Liar,5092,
Collateral Damage,5093,
Rollerball,5094,
Baby's Day Out,5096,
Crossroads,5106,
Hart's War,5107,
John Q,5108,
Return to Never Land,5109,
Super Troopers,5110,
Dragonfly,5127,
Queen of the Damned,5128,
Mean Machine,5134,
Monsoon Wedding,5135,
The Bad News Bears,5139,
40 Days and 40 Nights,5151,
We Were Soldiers,5152,
All About the Benjamins,5170,
The Time Machine,5171,
Full Frontal,5172,
The Long Riders,5199,
Kissing Jessica Stein,5222,
Y tu mamá también,5225,
Sorority Boys,5255,
Stolen Summer,5256,
George Washington,5258,
Clockstoppers,5264,
Death to Smoochy,5265,
The Rookie,5267,
High Crimes,5282,
National Lampoon’s Van Wilder,5283,
Lucky Break,5285,
Changing Lanes,5293,
Frailty,5294,
The Sweetest Thing,5296,
My Big Fat Greek Wedding,5299,
Three Men and a Baby,5308,
Murder by Numbers,5312,
The Scorpion King,5313,
Nueve Reinas,5319,
Jason X,5323,
Life or Something Like It,5324,
Dogtown and Z-Boys,5325,
Salton Sea,5329,
Hollywood Ending,5348,
White Fang,5361,
The New Guy,5363,
Unfaithful,5364,
My Beautiful Laundrette,5367,
About a Boy,5377,
The Believer,5379,
The Importance of Being Earnest,5380,
The Last Waltz,5385,
Enough,5387,
Spirit: Stallion of the Cimarron,5389,
Thirteen Conversations About One Thing,5391,
The Sum of All Fears,5400,
Undercover Brother,5401,
Silent Running,5410,
Bad Company,5414,
Divine Secrets of the Ya-Ya Sisterhood,5415,
Scooby-Doo,5419,
Windtalkers,5420,
The Dangerous Lives of Altar Boys,5421,
She Wore a Yellow Ribbon,5440,
Juwanna Mann,5443,
Rabbit-Proof Fence,5446,
Sunshine State,5447,
Hey Arnold! The Movie,5448,
Mr. Deeds,5449,
Lovely & Amazing,5450,
Like Mike,5458,
The Crocodile Hunter: Collision Course,5462,
Reign of Fire,5463,
Eight Legged Freaks,5478,
K-19: The Widowmaker,5479,
Stuart Little 2,5480,
The Master of Disguise,5501,
Spy Kids 2: The Island of Lost Dreams,5504,
The Good Girl,5505,
Blood Work,5506,
The Adventures of Pluto Nash,5523,
Blue Crush,5524,
One Hour Photo,5528,
Undisputed,5531,
FearDotCom,5556,
Swimfan,5564,
Barbershop,5572,
Stealing Harvard,5573,
Betty Fisher et autres histoires,5575,
Igby Goes Down,5577,
Ballistic: Ecks vs. Sever,5609,
The Four Feathers,5611,
8 femmes,5613,
Secretary,5617,
Sweet Home Alabama,5620,
The Tuxedo,5621,
Moonlight Mile,5625,
Wasabi,5628,
Jonah: A VeggieTales Movie,5629,
Bloody Sunday,5632,
Welcome to Collinwood,5636,
The Rules of Attraction,5666,
Tuck Everlasting,5667,
White Oleander,5668,
Bowling for Columbine,5669,
Punch-Drunk Love,5673,
Swept Away,5675,
Abandon,5677,
The 51st State,5678,
Auto Focus,5680,
Real Women Have Curves,5685,
Jason Goes to Hell: The Final Friday,5691,
Blow Out,5712,
The Four Seasons,5745,
Modern Problems,5768,
Ghost Ship,5784,
Jackass: The Movie,5785,
All or Nothing,5788,
Frida,5791,
I Spy,5803,
Femme Fatale,5809,
Far from Heaven,5812,
Half Past Dead,5815,
El Crimen del Padre Amaro,5818,
Interview with the Assassin,5819,
Men with Brooms,5829,
Return to the Blue Lagoon,5841,
The Emperor's Club,5873,
Friday After Next,5874,
The Quiet American,5876,
Extreme Ops,5880,
They,5883,
Analyze That,5900,
Adaptation.,5902,
The Best Little Whorehouse in Texas,5927,
Drumline,5941,
Maid in Manhattan,5943,
Star Trek: Nemesis,5944,
About Schmidt,5945,
25th Hour,5954,
Antwone Fisher,5955,
Two Weeks Notice,5957,
The Wild Thornberrys Movie,5958,
Narc,5959,
My Girl,5970,
Chicago,5991,
The Hours,5992,
Nicholas Nickleby,5994,
Confessions of a Dangerous Mind,6003,
Just Married,6006,
A Guy Thing,6012,
Kangaroo Jack,6013,
Darkness Falls,6040,
The Guru,6060,
May,6063,
Firefox,6078,
How to Lose a Guy in 10 Days,6155,
Shanghai Knights,6156,
All the Real Girls,6159,
Gerry,6162,
The Black Stallion,6170,
Dark Blue,6185,
Gods and Generals,6186,
The Life of David Gale,6187,
Old School,6188,
Spider,6197,
The Slaughter Rule,6207,
Bringing Down the House,6212,
Tears of the Sun,6213,
Irréversible,6214,
Nirgendwo in Afrika,6216,
Bend It Like Beckham,6218,
The Hunted,6219,
Spun,6223,
Sweet Charity,6245,
Boat Trip,6249,
Dreamcatcher,6250,
The Robe,6260,
Basic,6263,
The Core,6264,
Head of State,6265,
What a Girl Wants,6266,
Raising Victor Vargas,6268,
The Good Thief,6279,
DysFunktional Family,6284,
House of 1000 Corpses,6290,
Lilja 4-Ever,6291,
Bulletproof Monk,6294,
Chasing Papi,6295,
A Mighty Wind,6296,
Holes,6297,
Malibu's Most Wanted,6298,
Le peuple migrateur,6299,
The Andromeda Strain,6303,
Legal Eagles,6308,
The Wiz,6316,
Confidence,6322,
The Lizzie McGuire Movie,6332,
Owning Mahowny,6337,
Daddy Day Care,6338,
L'Auberge espagnole,6370,
Wrong Turn,6379,
Whale Rider,6385,
Dumb and Dumberer: When Harry Met Lloyd,6482,
Hollywood Homicide,6484,
Alex & Emma,6493,
Flight of the Intruder,6518,
"Legally Blonde 2: Red, White & Blonde",6535,
Sinbad: Legend of the Seven Seas,6536,
Swimming Pool,6538,
Northfork,6547,
Johnny English,6550,
Dirty Pretty Things,6552,
Seabiscuit,6565,
Spy Kids 3-D: Game Over,6566,
Los lunes al sol,6571,
Gigli,6587,
S.W.A.T.,6595,
Freddy vs. Jason,6615,
Open Range,6617,
少林足球,6618,
American Splendor,6620,
Agent Cody Banks,6624,
Commando,6664,
The Medallion,6686,
Jeepers Creepers 2,6695,
The Order,6703,
Once Upon a Time in Mexico,6709,
Day of the Dead,6731,
The Rose,6735,
Secondhand Lions,6753,
Bubba Ho-tep,6755,
Duplex,6763,
The Rundown,6764,
Under the Tuscan Sun,6765,
Mambo Italiano,6769,
My Life Without Me,6770,
Les triplettes de Belleville,6773,
Videodrome,6774,
Judgment at Nuremberg,6777,
Boyz n the Hood,6796,
PCU,6811,
In Cold Blood,6852,
Out of Time,6862,
The Station Agent,6867,
Wonderland,6868,
Intolerable Cruelty,6873,
Pieces of April,6881,
Veronica Guerin,6884,
In the Cut,6885,
Radio,6887,
The Singing Detective,6892,
Shattered Glass,6932,
Master and Commander: The Far Side of the World,6947,
The Cat in the Hat,6951,
Gothika,6952,
Les Invasions barbares,6954,
Bad Santa,6957,
The Haunted Mansion,6958,
Timeline,6959,
Slacker,6978,
WarGames,6979,
Ordet,6981,
The First Great Train Robbery,6990,
Hoffa,6997,
Hudson Hawk,7000,
Kindergarten Cop,7004,
Silverado,7027,
Nothing to Lose,7048,
Red River,7070,
42nd Street,7080,
A Passage to India,7087,
英雄,7090,
The Front Page,7093,
1941,7104,
The Cooler,7137,
Honey,7142,
Something's Gotta Give,7149,
Stuck on You,7150,
Girl with a Pearl Earring,7151,
The Statement,7152,
Mona Lisa Smile,7154,
House of Sand and Fog,7158,
Monster,7160,
Cheaper by the Dozen,7161,
Cold Mountain,7162,
Paycheck,7163,
Along Came Polly,7173,
Osama,7177,
Only the Strong,7192,
The Adventures of Ford Fairlane,7193,
สุริโยไท,7248,
Win a Date with Tad Hamilton!,7255,
Touching the Void,7256,
The Big Bounce,7257,
Latter Days,7260,
Miracle,7263,
The Lost Skeleton of Cadavra,7266,
Thirteen,7285,
Welcome to Mooseport,7294,
Against the Ropes,7315,
Confessions of a Teenage Drama Queen,7316,
EuroTrip,7317,
Club Dread,7319,
"Good bye, Lenin!",7323,
Hidalgo,7324,
Starsky & Hutch,7325,
The Girl Next Door,7346,
Jersey Girl,7366,
The Ladykillers,7367,
Scooby-Doo 2: Monsters Unleashed,7369,
Home on the Range,7374,
The Prince & Me,7375,
Walking Tall,7376,
The Alamo,7379,
Ella Enchanted,7380,
The Whole Ten Yards,7381,
Connie and Carla,7437,
The Punisher,7439,
Envy,7448,
Godsend,7449,
Laws of Attraction,7450,
New York Minute,7453,
You Only Live Twice,7569,
Octopussy,7570,
Never Say Never Again,7573,
Body Double,7616,
Raising Cain,7636,
Pierrot le fou,7748,
Cypher,7827,
Woodstock,7836,
Pat Garrett & Billy the Kid,7889,
The Ballad of Cable Hogue,7897,
A Bridge Too Far,7980,
Death Race 2000,7991,
Mean Streets,8042,
Harper,8056,
Charly,8147,
Beyond the Valley of the Dolls,8196,
Escape from Alcatraz,8340,
Raising Helen,8362,
Soul Plane,8363,
Saved!,8366,
Mindhunters,8369,
Garfield,8372,
The Stepford Wives,8373,
Napoleon Dynamite,8376,
Police Academy: Mission to Moscow,8387,
State Fair,8460,
Super Size Me,8464,
Show Boat,8502,
Around the World in 80 Days,8526,
Dear Frankie,8530,
White Chicks,8531,
Deux frères,8534,
De-Lovely,8535,
Fahrenheit 9/11,8622,
Before Sunset,8638,
Sleepover,8642,
A Cinderella Story,8643,
"María, llena eres de gracia",8645,
Catwoman,8666,
A Home at the End of the World,8667,
Bon voyage,8779,
The Manchurian Candidate,8781,
Garden State,8784,
A Funny Thing Happened on the Way to the Forum,8796,
Little Black Book,8799,
Code 46,8800,
Harold & Kumar Go to White Castle,8807,
The Princess Diaries 2: Royal Engagement,8808,
Without a Paddle,8814,
Anacondas: The Hunt for the Blood Orchid,8830,
Suspect Zero,8831,
Vanity Fair,8833,
Paparazzi,8835,
Wicker Park,8836,
Superbabies: Baby Geniuses 2,8859,
Cellular,8860,
Mr. 3000,8864,
Sky Captain and the World of Tomorrow,8865,
Wimbledon,8866,
The Last Shot,8871,
Ladder 49,8908,
I Heart Huckabees,8910,
Raise Your Voice,8911,
Primer,8914,
Shall We Dance?,8916,
Team America: World Police,8917,
Eulogy,8918,
Tarnation,8938,
Being Julia,8943,
Alfie,8948,
Sideways,8949,
Vera Drake,8951,
Ray,8958,
Kinsey,8966,
After the Sunset,8968,
Bridget Jones: The Edge of Reason,8969,
The SpongeBob SquarePants Movie,8974,
Closer,8981,
十面埋伏,8983,
Die Büchse der Pandora,25763,
She Done Him Wrong,25801,
The Lady from Shanghai,25940,
A Charlie Brown Christmas,26133,
Point Blank,26172,
"Yours, Mine and Ours",26198,
High Anxiety,26386,
"New York, New York",26391,
Sorcerer,26393,
Twilight Zone: The Movie,26492,
The Ice Pirates,26513,
Anne of Green Gables,26528,
Light Sleeper,26737,
Quigley Down Under,26750,
Johnny Suede,26775,
Fortress,26819,
2046,27266,
The Brown Bunny,27664,
11:14,27674,
Un long dimanche de fiançailles,27721,
The Jacket,27788,
Mar adentro,27803,
Spanglish,27808,
Les Choristes,27815,
Saints and Soldiers,27816,
The Interpreter,27821,
Open Water,27822,
Layer Cake,27831,
Возвращение,27834,
Flight of the Phoenix,27837,
Mean Creek,27838,
The Ring Two,27839,
Så som i himmelen,27857,
태극기 휘날리며,27869,
Riding Giants,27882,
What the #$*! Do We (K)now!?,27899,
A Scanner Darkly,27904,
Hotel Rwanda,30749,
The Life Aquatic with Steve Zissou,30810,
The Phantom of the Opera,30816,
Beyond the Sea,30818,
In Good Company,30822,
The Merchant of Venice,30850,
Fat Albert,30883,
White Noise,30894,
The Upside of Anger,30898,
Imaginary Heroes,31114,
Elektra,31221,
Coach Carter,31225,
Beastmaster 2: Through the Portal of Time,31290,
Sommersturm,31408,
Assault on Precinct 13,31420,
Are We There Yet?,31422,
Hide and Seek,31427,
Boogeyman,31431,
The Wedding Date,31433,
Steamboy,31660,
Inside Deep Throat,31689,
Bride & Prejudice,31694,
Because of Winn-Dixie,31700,
Ночной дозор,31804,
功夫,31878,
The Pacifier,32017,
Be Cool,32019,
Hostage,32029,
Julia,32234,
Ice Princess,32289,
Miss Congeniality 2: Armed and Fabulous,32296,
Guess Who,32298,
Sahara,32596,
Fever Pitch,32598,
The Amityville Horror,33085,
A Lot Like Love,33145,
xXx: State of the Union,33158,
House of Wax,33164,
Unleashed,33437,
Kicking & Screaming,33495,
Monster-in-Law,33499,
Mad Hot Ballroom,33639,
The Longest Yard,33646,
Cinderella Man,33660,
The Sisterhood of the Traveling Pants,33669,
Lords of Dogtown,33672,
The Adventures of Sharkboy and Lavagirl,33681,
Haute tension,33683,
My Summer of Love,33817,
Saint Ralph,33826,
Herbie Fully Loaded,33830,
Land of the Dead,33834,
Rize,33838,
Me and You and Everyone We Know,33880,
La Marche de l'empereur,34072,
Dark Water,34143,
Murderball,34153,
Hustle & Flow,34271,
The Devil's Rejects,34323,
Sky High,34332,
Stealth,34334,
Must Love Dogs,34336,
The Dukes of Hazzard,34520,
The Chumscrubber,34523,
Deuce Bigalow: European Gigolo,34530,
The Skeleton Key,34532,
Four Brothers,34534,
The Great Raid,34536,
Red Eye,35957,
Valiant,36397,
The Brothers Grimm,36401,
The Cave,36509,
The Constant Gardener,36517,
Just Like Heaven,36525,
Cry_Wolf,36533,
Doom,37380,
Domino,37382,
Waiting...,37384,
Æon Flux,37386,
An Unfinished Life,37475,
The Man,37477,
The Exorcism of Emily Rose,37720,
Flightplan,37727,
A History of Violence,37733,
Oliver Twist,37736,
The Greatest Game Ever Played,37739,
Capote,37741,
Into the Blue,37853,
Mirrormask,37857,
The Curse of the Were-Rabbit,38038,
The Squid and the Whale,38886,
Elizabethtown,39231,
North Country,39234,
"Good Night, and Good Luck.",39292,
Dreamer: Inspired By a True Story,39307,
The Proposition,39381,
Shopgirl,39414,
Where the Truth Lies,39419,
The Weather Man,39444,
Manderlay,39869,
Jarhead,40278,
Dead Man's Shoes,40412,
Joyeux Noël,40414,
Get Rich or Die Tryin',40574,
Syriana,40583,
Derailed,40614,
Walk the Line,40819,
Rent,40826,
Zathura: A Space Adventure,40851,
Memoirs of a Geisha,41571,
The Family Stone,41573,
The Matador,41716,
The Three Burials of Melquiades Estrada,41863,
Munich,41997,
The Producers,42002,
Transamerica,42004,
Cheaper by the Dozen 2,42009,
Fun with Dick and Jane,42011,
The New World,42418,
친절한 금자씨,42632,
Banlieue 13,42718,
BloodRayne,42721,
Grandma's Boy,42725,
Glory Road,42730,
Last Holiday,42732,
Hoodwinked!,42734,
Water,43333,
The World's Fastest Indian,43396,
Bandidas,43419,
Big Momma's House 2,43558,
Nanny McPhee,43560,
Dave Chappelle's Block Party,43708,
Imagine Me & You,43744,
The Call of Cthulhu,43832,
The Pink Panther,43836,
Curious George,43869,
Firewall,43871,
When a Stranger Calls,43904,
London,43908,
Eight Below,43917,
Date Movie,43919,
Running Scared,43921,
Ultraviolet,43928,
Just My Luck,43930,
Pulse,43932,
16 Blocks,43936,
Failure to Launch,44004,
She's the Man,44193,
Thank You for Smoking,44195,
Find Me Guilty,44197,
Tsotsi,44204,
Aquamarine,44225,
The Hills Have Eyes,44397,
Take the Lead,44613,
Volver,44694,
Akeelah and the Bee,44709,
Stay Alive,44731,
Basic Instinct 2,44759,
Slither,44828,
The Benchwarmers,44840,
Renaissance,44849,
Friends with Money,44864,
Scary Movie 4,44972,
Hard Candy,44974,
A Prairie Home Companion,45028,
The Sentinel,45062,
ต้มยำกุ้ง,45183,
United 93,45210,
Stick It,45221,
Down in the Valley,45382,
Poseidon,45442,
The Break-Up,45501,
Nacho Libre,45666,
The Lake House,45668,
"You, Me and Dupree",45726,
Clerks II,45728,
Lady in the Water,45730,
My Super Ex-Girlfriend,45732,
Marie Antoinette,45880,
Who Killed the Electric Car?,45928,
An Inconvenient Truth,45950,
Garfield: A Tail of Two Kitties,46337,
The Oh in Ohio,46574,
Wordplay,46850,
Little Man,46865,
End of the Spear,46919,
Snakes on a Plane,46965,
Scoop,46967,
Talladega Nights: The Ballad of Ricky Bobby,46970,
World Trade Center,46974,
Stranger Than Fiction,46976,
The Ant Bully,47124,
The Night Listener,47261,
Zoom,47384,
Half Nelson,47423,
The Queen,47629,
Beerfest,47640,
Crossover,47815,
The Wind That Shakes the Barley,47894,
Severance,47937,
The Covenant,47952,
Sherrybaby,47978,
Idiocracy,47997,
The Fountain,48043,
The Black Dahlia,48142,
Flyboys,48319,
Jackass Number Two,48322,
Open Season,48414,
The Texas Chainsaw Massacre: The Beginning,48518,
Employee of the Month,48520,
Stormbreaker,48522,
Running with Scissors,48560,
The Grudge 2,48591,
Man of the Year,48593,
The Marine,48596,
Little Children,48696,
The Last King of Scotland,48738,
Shortbus,48744,
Flags of Our Fathers,48783,
Flicka,48791,
For Your Consideration,49220,
Bobby,49280,
Harsh Times,49314,
Charlotte's Web,49647,
Rocky Balboa,49651,
The Painted Veil,49772,
Dreamgirls,49824,
Freedom Writers,49910,
The History Boys,49957,
Notes on a Scandal,49961,
滿城盡帶黃金甲,50005,
The Good German,50064,
Letters from Iwo Jima,50068,
Black Christmas,50147,
Miss Potter,50160,
Arthur et les Minimoys,50162,
Old Joy,50259,
Waitress,50685,
Smokin' Aces,50794,
Epic Movie,50798,
Because I Said So,50802,
Hannibal Rising,50804,
"Paris, je t'aime",50912,
The Astronaut Farmer,50923,
Music and Lyrics,51084,
Reno 911!: Miami,51088,
Black Snake Moan,51091,
Factory Girl,51174,
Wild Hogs,51575,
괴물,51709,
Becoming Jane,51834,
The Namesake,51884,
Premonition,51925,
Reign Over Me,51931,
The Hills Have Eyes II,51937,
TMNT,51939,
Blades of Glory,52245,
Aqua Teen Hunger Force Colon Movie Film for Theaters,52462,
In the Land of Women,52668,
Mr. Bean's Holiday,52694,
This Is England,52952,
Hairspray,52975,
Once,53123,
Gracie,53133,
88 Minutes,53207,
Hostel: Part II,53435,
Surf's Up,53460,
Nancy Drew,53466,
Fido,53468,
Rescue Dawn,53550,
Sicko,53894,
Death at a Funeral,53956,
License to Wed,53974,
Across the Universe,54190,
Hot Rod,54256,
No Reservations,54276,
Charlie Bartlett,54281,
You Kill Me,54331,
Rush Hour 3,54648,
Sydney White,54734,
The Kingdom,54736,
Daddy Day Camp,54768,
The Invasion,54771,
War,54775,
Death Sentence,54787,
"4 luni, 3 săptămîni și 2 zile",55069,
No End in Sight,55071,
In the Valley of Elah,55094,
The Hunting Party,55116,
Eastern Promises,55118,
Good Luck Chuck,55245,
The Game Plan,55250,
We Own the Night,55272,
Elizabeth: The Golden Age,55274,
Michael Clayton,55276,
Lars and the Real Girl,55280,
30 Days of Night,55282,
The Assassination of Jesse James by the Coward Robert Ford,55363,
Persepolis,55442,
Control,55444,
Why Did I Get Married?,55566,
Tropa de Elite,55721,
Martian Child,55732,
Le scaphandre et le papillon,55814,
Be Kind Rewind,55830,
August Rush,55872,
The Man from Earth,55908,
Beowulf,55995,
Southland Tales,56003,
Awake,56169,
I'm Not There.,56286,
The Savages,56333,
El orfanato,56339,
The Kite Runner,56607,
Butterfly on a Wheel,56633,
Wristcutters: A Love Story,56715,
Charlie Wilson's War,56788,
Aliens vs Predator: Requiem,56801,
Walk Hard: The Dewey Cox Story,56805,
The Great Debaters,56885,
디워,57223,
In the Name of the King: A Dungeon Siege Tale,57326,
Untraceable,57526,
Meet the Spartans,57532,
سكر بنات,57792,
Teeth,57910,
Fool's Gold,57951,
"Definitely, Maybe",58047,
Vantage Point,58103,
The Spiderwick Chronicles,58105,
Step Up 2: The Streets,58107,
Witless Protection,58146,
The Other Boleyn Girl,58154,
Semi-Pro,58156,
Taxi to the Dark Side,58191,
The Bank Job,58295,
Doomsday,58297,
Funny Games,58301,
Монгол,58306,
The Love Guru,58315,
What Just Happened,58432,
Never Back Down,58627,
Drillbit Taylor,58655,
La misma luna,58706,
Leatherheads,58839,
Shine a Light,58879,
Nim's Island,58972,
The Ruins,58975,
Superhero Movie,59014,
Street Kings,59016,
Harold & Kumar Escape from Guantanamo Bay,59022,
Speed Racer,59037,
The Forbidden Kingdom,59103,
Religulous,59126,
Baby Mama,59258,
Prom Night,59306,
Made of Honor,59333,
Stargate: The Ark of Truth,59392,
"War, Inc.",59594,
Lake of Fire,59684,
The Wackness,60293,
Meet Dave,60516,
Space Chimps,60649,
The X Files: I Want to Believe,60760,
Man on Wire,60766,
Pathology,60832,
Frozen River,60943,
Chi bi,61026,
The Sisterhood of the Traveling Pants 2,61071,
High School Musical 2,61123,
Vals Im Bashir,61236,
The House Bunny,61250,
Disaster Movie,61348,
Babylon A.D.,61350,
The Women,61361,
The Spirit,61401,
Bangkok Dangerous,61465,
Lakeview Terrace,61705,
Ghost Town,61729,
How to Lose Friends & Alienate People,62113,
Nick and Norah's Infinite Playlist,62155,
Rachel Getting Married,62344,
City of Ember,62376,
Max Payne,62394,
Zack and Miri Make a Porno,62434,
W.,62437,
"Synecdoche, New York",62511,
Die Welle,62644,
Quarantine,62733,
Pride and Glory,62792,
RockNRolla,62849,
High School Musical 3: Senior Year,62912,
Role Models,63131,
Saw V,63436,
Sex Drive,63479,
Soul Men,63481,
Beverly Hills Chihuahua,63540,
Entre les murs,63808,
Australia,63853,
Milk,63876,
Four Christmases,64032,
Fireproof,64114,
Cadillac Records,64229,
Doubt,64575,
Frost/Nixon,64620,
The Reader,64622,
Choke,65126,
Revolutionary Road,65130,
Poultrygeist: Night of the Chicken Dead,65310,
Wendy and Lucy,65418,
The Tale of Despereaux,65577,
Bride Wars,65585,
My Bloody Valentine,65601,
Los cronocrímenes,65642,
Inkheart,65685,
Paul Blart: Mall Cop,65802,
Eden Lake,66090,
The International,66198,
Two Lovers,66200,
My Name Is Bruce,66427,
Funny People,66509,
Madea Goes to Jail,66659,
Away We Go,66665,
"좋은 놈, 나쁜 놈, 이상한 놈",66785,
"I Love You, Man",67087,
Duplicity,67193,
Ong Bak 2,67252,
Sunshine Cleaning,67267,
Der Baader Meinhof Komplex,67508,
Observe and Report,67695,
Adventureland,67734,
Dragonball Evolution,67867,
The Boat That Rocked,68073,
State of Play,68159,
The Damned United,68194,
Crank: High Voltage,68205,
The Young Victoria,68269,
The Brothers Bloom,68848,
The Soloist,68932,
Dance Flick,68965,
New in Town,69253,
Død snø,69275,
Land of the Lost,69278,
Year One,69436,
Whatever Works,69604,
My Sister's Keeper,69712,
Brüno,69784,
Men of War,69821,
Aliens in the Attic,70282,
Julie & Julia,70293,
Race to Witch Mountain,70305,
Jerusalema,70465,
"The Goods: Live Hard, Sell Hard",70565,
Adam,70567,
The Time Traveler's Wife,70599,
"I Love You, Beth Cooper",70663,
G-Force,70697,
Bronson,70728,
Post Grad,70898,
Taking Woodstock,70984,
Halloween II,70994,
El secreto de sus ojos,71033,
Das weisse Band,71108,
Pandorum,71135,
The Men Who Stare at Goats,71156,
Jennifer's Body,71205,
The Informant!,71211,
Extract,71248,
The Final Destination,71252,
Gamer,71254,
"Food, Inc.",71282,
World's Greatest Dad,71429,
A Serious Man,71464,
City Island,71466,
Ink,71468,
Whip It,71518,
The Invention of Lying,71520,
Next Day Air,71533,
Whiteout,71573,
An Education,71579,
Couples Retreat,71668,
Where the Wild Things Are,71745,
Saw VI,72129,
Michael Jackson's This Is It,72131,
Cirque du Freak: The Vampire's Assistant,72165,
Astro Boy,72209,
Gentlemen Broncos,72224,
The Box,72380,
The Fourth Kind,72393,
Precious,72395,
The Bad Lieutenant: Port of Call - New Orleans,72405,
The Messenger,72479,
Ninja Assassin,72489,
Brothers,72605,
Sleep Dealer,72630,
Old Dogs,72696,
Planet 51,72701,
A Single Man,72720,
Everybody's Fine,72741,
Armored,72762,
Did You Hear About the Morgans?,72919,
It's Complicated,73015,
Crazy Heart,73023,
Alvin and the Chipmunks: The Squeakquel,73042,
Carriers,73168,
Pontypool,73211,
Youth in Revolt,73266,
Daybreakers,73268,
Leap Year,73319,
Soul Kitchen,73587,
Chasseurs de dragons,73664,
Nowhere Boy,73860,
Legion,73929,
Edge of Darkness,74156,
Triangle,74228,
I Love You Phillip Morris,74275,
The House of the Devil,74370,
Fish Tank,74416,
The Wolfman,74452,
Cop Out,74532,
The Ghost Writer,74545,
The Spy Next Door,74580,
Agora,74624,
The Crazies,74685,
My Name Is Khan,74787,
Green Zone,74795,
From Paris with Love,74851,
Brooklyn's Finest,74944,
She's Out of My League,74946,
Harry Brown,74948,
Our Family Wedding,75803,
The Bounty Hunter,75805,
Repo Men,75985,
Case 39,76030,
Oceans,76054,
Micmacs à tire-larigot,76173,
Defendor,76210,
The Runaways,76763,
Diary of a Wimpy Kid,77206,
Κυνόδοντας,77307,
The Losers,77364,
Cyrus,77421,
Four Lions,77800,
Killers,78041,
Buried,78088,
Please Give,78116,
Sex and the City 2,78174,
Get Him to the Greek,78209,
The Back-Up Plan,78264,
Splice,78266,
Letters to Juliet,78316,
The 41–Year–Old Virgin Who Knocked Up Sarah Marshall and Felt Superbad About It,78321,
Exam,78349,
Jonah Hex,78467,
Winter's Bone,78574,
Enter the Void,78836,
The Kids Are All Right,79242,
Dinner for Schmucks,79428,
Charlie St. Cloud,79588,
Centurion,79796,
Piranha 3D,79879,
The Joneses,79946,
The American,80126,
The Switch,80166,
Going the Distance,80241,
Vampires Suck,80350,
Eat Pray Love,80551,
Flipped,80586,
Wall Street: Money Never Sleeps,80590,
Legend of the Guardians: The Owls of Ga'Hoole,80615,
It's Kind of a Funny Story,80693,
Let Me In,80831,
Secretariat,80839,
Lake Mungo,80844,
Devil,80846,
You Again,80858,
You Will Meet a Tall Dark Stranger,80864,
Inside Job,80906,
Monsters,80917,
Never Let Me Go,80969,
Rubber,81132,
Jackass 3D,81156,
Paranormal Activity 2,81417,
Hereafter,81512,
Saw 3D,81535,
Fair Game,81641,
Morning Glory,81784,
Biutiful,81819,
The Loved Ones,82041,
Skyline,82095,
Beastly,82152,
Tiny Furniture,82173,
All Good Things,82378,
Another Year,82463,
How Do You Know,82499,
Barney's Version,82527,
Gulliver's Travels,82854,
Burlesque,83086,
Tucker and Dale vs Evil,83134,
Yogi Bear,83177,
Made in Dagenham,83270,
The Warrior's Way,83374,
The Dilemma,83910,
The Rite,84395,
Cedar Rapids,84615,
Emma,84847,
Take Me Home Tonight,84950,
Hall Pass,85022,
Mars Needs Moms,85261,
"Big Mommas: Like Father, Like Son",85399,
Super,85401,
Trolljegeren,85412,
Hobo with a Shotgun,85796,
Diary of a Wimpy Kid: Rodrick Rules,86014,
Hop,86059,
Water for Elephants,86548,
Incendies,86781,
Something Borrowed,86817,
Priest,86835,
The Beaver,86852,
Attack the Block,87192,
Submarine,87234,
Everything Must Go,87298,
Beginners,87304,
Mr. Popper's Penguins,87483,
Larry Crowne,87522,
Your Highness,87529,
Takers,87785,
The Perfect Host,88118,
The Guard,88235,
Winnie the Pooh,88267,
Dylan Dog: Dead of Night,88380,
Our Idiot Brother,88672,
The Change-Up,88785,
30 Minutes or Less,88812,
The Conspirator,88950,
A Very Harold & Kumar Christmas,88954,
Fright Night,89030,
Another Earth,89039,
Hesher,89047,
Stake Land,89072,
The Debt,89085,
Colombiana,89087,
Freakonomics,89102,
Prom,89194,
Red State,89343,
I Don't Know How She Does It,89388,
Shark Night,89427,
Tinker Tailor Soldier Spy,89753,
جدایی نادر از سیمین,89759,
A Dangerous Method,89761,
Kill List,89837,
Killer Elite,89840,
Take Shelter,90057,
Martha Marcy May Marlene,90374,
We Need to Talk About Kevin,90376,
Margaret,90428,
Carnage,90430,
Margin Call,90439,
Paranormal Activity 3,90469,
What's Your Number?,90576,
Hodejegerne,90600,
J. Edgar,90719,
Jack and Jill,90890,
The Muppets,91094,
My Week with Marilyn,91134,
Weekend,91199,
The Sitter,91323,
Extremely Loud & Incredibly Close,91325,
Arthur Christmas,91414,
Bullet to the Head,91483,
Womb,91505,
Young Adult,91622,
New Year's Eve,91628,
The Darkest Hour,91660,
Albert Nobbs,91673,
Salvation Boulevard,91688,
Contraband,91842,
Joyful Noise,91873,
Dolphin Tale,91886,
The Iron Lady,91890,
Haywire,92008,
Red Tails,92234,
One for the Money,92264,
The Innkeepers,92309,
The Art of Getting By,92439,
"For a Good Time, Call...",92665,
October Baby,93061,
Courageous,93265,
The Big Year,93287,
"Jeff, Who Lives at Home",93512,
Lockout,93563,
Casa De Mi Padre,93693,
The Three Stooges,93980,
The Raven,93982,
The Best Exotic Marigold Hotel,94070,
The Five-Year Engagement,94266,
Think Like a Man,94323,
Sound of My Voice,94799,
The Pirates! In an Adventure with Scientists!,94833,
Bernie,94896,
Wanderlust,94953,
A Thousand Words,95067,
Safety Not Guaranteed,95088,
Your Sister's Sister,95135,
What to Expect When You're Expecting,95199,
To Rome with Love,95201,
Rock of Ages,95307,
Seeking a Friend for the End of the World,95309,
Beasts of the Southern Wild,95558,
Savages,95583,
Killer Joe,95761,
The Campaign,96110,
ParaNorman,96281,
Celeste & Jesse Forever,96314,
Premium Rush,96417,
The Possession,96490,
Bachelorette,96565,
The Cold Light of Day,96590,
Samsara,96606,
That's My Boy,96616,
Robot & Frank,96655,
The Master,96728,
Holy Motors,96832,
Sparkle,96849,
Alex Cross,97742,
Here Comes the Boom,97836,
Killing Them Softly,97860,
The Sessions,97870,
Anna Karenina,97936,
Amour,98056,
Indie Game: The Movie,98122,
Vamps,98175,
Deadfall,98296,
The Guilt Trip,99106,
Quartet,99220,
Parental Guidance,99415,
The Collection,99470,
Promised Land,99574,
"Batman: The Dark Knight Returns, Part 2",99813,
Movie 43,100083,
Safe Haven,100527,
Jagal,100556,
Before Midnight,100714,
The Incredible Burt Wonderstone,101283,
The Brass Teapot,101529,
Admission,101612,
42,101895,
Frances Ha,102800,
The Way Way Back,102993,
20 Feet from Stardom,103107,
La migliore offerta,103235,
Sharknado,103596,
Fruitvale Station,103624,
Drinking Buddies,103801,
Coffee Town,103819,
La grande bellezza,103984,
The Smurfs 2,104076,
The Frozen Ground,104441,
해운대,104590,
Getaway,104760,
Out of the Furnace,104881,
The To Do List,105037,
Inescapable,105121,
Nebraska,105197,
Enough Said,105211,
Runner Runner,105351,
Machete Kills,105585,
Just Wright,105715,
The Counselor,105755,
All Is Lost,105954,
Jackass Presents: Bad Grandpa,106062,
Last Vegas,106330,
Philomena,106438,
Ida,106452,
Delivery Man,106540,
Inside Llewyn Davis,106766,
Mandela: Long Walk to Freedom,106839,
All Is Bright,106883,
Grudge Match,107702,
Paranormal Activity: The Marked Ones,107769,
Ride Along,108156,
Yeh Jawaani Hai Deewani,108514,
"I, Frankenstein",108689,
Winter's Tale,109191,
About Last Night,109372,
Obvious Child,109740,
Cheap Thrills,109742,
Mr. Peabody & Sherman,109846,
Bad Words,109895,
Muppets Most Wanted,110297,
Draft Day,110453,
Brick Mansions,110826,
Blue Ruin,111384,
Million Dollar Arm,111795,
Think Like a Man Too,112303,
They Came Together,112450,
Tammy,112497,
And So It Goes,112749,
A Most Wanted Man,112940,
Get on Up,113207,
Housebound,113252,
The Hundred-Foot Journey,113275,
"As Above, So Below",113780,
The Skeleton Twins,114074,
The Boxtrolls,114552,
This Is Where I Leave You,114601,
Tusk,114670,
The Best of Me,115147,
Plastic,115151,
St. Vincent,115231,
The Book of Life,115664,
Zulu,116207,
Drive Hard,116419,
Inherent Vice,116799,
Beyond the Lights,117456,
The Water Diviner,117871,
Dying of the Light,118248,
Kill the Messenger,118354,
A Most Violent Year,118898,
Top Five,118924,
Wicked Blood,122490,
Ben-Hur,122888,
Elsa & Fred,122932,
The Gambler,124859,
American Heist,126420,
Dope,127198,
The Second Best Exotic Marigold Hotel,129428,
"McFarland, USA",129659,
Unfinished Business,129737,
While We're Young,130452,
Midnight Special,130576,
Paul Blart: Mall Cop 2,132157,
Danny Collins,132496,
Maggie,133782,
Hot Pursuit,133798,
Survivor,134246,
Aloha,134528,
The Face of an Angel,136654,
Magic Mike XXL,137595,
Opposite Sex,138546,
Anomalisa,139855,
Green Room,141866,
De jurk,141886,
Tiger Orange,142068,
Into the Grizzly Maze,143472,
Concussion,145839,
The Peanuts Movie,145935,
The Ridiculous 6,148652,
Zoolander 2,148888,
Daddy's Home,149352,
Swelter,149612,
Pride and Prejudice and Zombies,149830,
Close Range,150401,
Keanu,155820,
I Am Wrath,157407,
The Maid's Room,160440,